index,original_text,modified_text,original_gold,modified_gold,original_pred,modified_pred
57,"Internal conflicts, especially between Covaci and Baniciu, were making headlines in the media.","Internal conflicts, especially between Covaci and Baniciu, were escalating and making headlines in the media.","[{'text': 'Covaci', 'value': 'PERSON'}, {'text': 'Baniciu', 'value': 'PERSON'}]","[{'text': 'Covaci', 'value': 'PERSON'}, {'text': 'Baniciu', 'value': 'PERSON'}]","[{'text': 'Covaci', 'value': 'LOCATION'}, {'text': 'Baniciu', 'value': 'LOCATION'}]","[{'text': 'Covaci', 'value': 'LOCATION'}, {'text': 'Baniciu', 'value': 'LOCATION'}]"
249,Ronald will travel to Iceland.,Ronald and his wife will travel to Iceland.,"[{'text': 'Ronald', 'value': 'PERSON'}, {'text': 'Iceland', 'value': 'LOCATION'}]","[{'text': 'Ronald', 'value': 'PERSON'}, {'text': 'Iceland', 'value': 'LOCATION'}]","[{'text': 'Ronald', 'value': 'PERSON'}, {'text': 'Iceland', 'value': 'LOCATION'}]","[{'text': 'Ronald', 'value': 'PERSON'}, {'text': 'Iceland', 'value': 'LOCATION'}]"
249,Ronald will travel to Iceland.,Ronald will take a week's leave and travel to Iceland.,"[{'text': 'Ronald', 'value': 'PERSON'}, {'text': 'Iceland', 'value': 'LOCATION'}]","[{'text': 'Ronald', 'value': 'PERSON'}, {'text': 'Iceland', 'value': 'LOCATION'}]","[{'text': 'Ronald', 'value': 'PERSON'}, {'text': 'Iceland', 'value': 'LOCATION'}]","[{'text': 'Ronald', 'value': 'PERSON'}, {'text': 'Iceland', 'value': 'LOCATION'}]"
3,"The B-52 pilot, Major Larry G.Messinger, later recalled,","The B-52 pilot, Major Larry G.Messinger and his co-pilot, later recalled,","[{'text': 'B-52', 'value': 'PRODUCT'}, {'text': 'Larry G.Messinger', 'value': 'PERSON'}]","[{'text': 'B-52', 'value': 'PRODUCT'}, {'text': 'Larry G.Messinger', 'value': 'PERSON'}]","[{'text': 'B-52', 'value': 'PRODUCT'}]","[{'text': 'B-52', 'value': 'PRODUCT'}, {'text': 'Larry G.Messinger', 'value': 'PERSON'}]"
6,"A prototype was fitted in the mid-'60s in a one-off DB5 extended 4'' after the doors and driven by Marek personally, and a normally 6-cylinder Aston Martin DB7 was equipped with a V8 unit in 1998.","A prototype was fitted in the mid-'60s in a one-off DB5 extended 4'' after the doors and driven by Marek and his team personally, and a normally 6-cylinder Aston Martin DB7 was equipped with a V8 unit in 1998.","[{'text': ""DB5 extended 4 ''"", 'value': 'PRODUCT'}, {'text': 'Marek', 'value': 'PERSON'}, {'text': 'Aston Martin DB7', 'value': 'PRODUCT'}, {'text': 'V8 unit', 'value': 'PRODUCT'}]","[{'text': ""DB5 extended 4 ''"", 'value': 'PRODUCT'}, {'text': 'Marek', 'value': 'PERSON'}, {'text': 'Aston Martin DB7', 'value': 'PRODUCT'}, {'text': 'V8 unit', 'value': 'PRODUCT'}]","[{'text': 'DB5', 'value': 'PRODUCT'}, {'text': 'Marek', 'value': 'PERSON'}, {'text': 'Aston Martin DB7', 'value': 'PRODUCT'}]","[{'text': 'Marek', 'value': 'PERSON'}, {'text': 'Aston Martin DB7', 'value': 'PRODUCT'}]"
0,In the early 1930s the band moved to the Grill Room of the Taft Hotel in New York ; the band was renamed ``George Hall and His Hotel Taft Orchestra``.,In the early 1930s the band signed a new record deal and moved to the Grill Room of the Taft Hotel in New York; the band was renamed ``George Hall and His Hotel Taft Orchestra``.,"[{'text': 'Grill Room', 'value': 'BUILDING'}, {'text': 'Taft Hotel', 'value': 'BUILDING'}, {'text': 'New York', 'value': 'LOCATION'}, {'text': 'George Hall and His Hotel Taft Orchestra', 'value': 'ORGANIZATION'}]","[{'text': 'Grill Room', 'value': 'BUILDING'}, {'text': 'Taft Hotel', 'value': 'BUILDING'}, {'text': 'New York', 'value': 'LOCATION'}, {'text': 'George Hall and His Hotel Taft Orchestra', 'value': 'ORGANIZATION'}]","[{'text': 'Taft Hotel', 'value': 'BUILDING'}, {'text': 'New York', 'value': 'LOCATION'}, {'text': 'George Hall and His Hotel Taft Orchestra', 'value': 'ORGANIZATION'}]","[{'text': 'Taft Hotel', 'value': 'BUILDING'}, {'text': 'New York', 'value': 'LOCATION'}, {'text': 'George Hall and His Hotel Taft Orchestra', 'value': 'ORGANIZATION'}]"
4,The Austro-Hungarian Navy built and operated two classes of protected cruisers.,The Austro-Hungarian Navy built and operated two classes of protected cruisers and destroyers.,"[{'text': 'Austro-Hungarian Navy', 'value': 'ORGANIZATION'}]","[{'text': 'Austro-Hungarian Navy', 'value': 'ORGANIZATION'}]","[{'text': 'Austro-Hungarian Navy', 'value': 'ORGANIZATION'}]","[{'text': 'Austro-Hungarian Navy', 'value': 'ORGANIZATION'}]"
4,The Austro-Hungarian Navy built and operated two classes of protected cruisers.,The Austro-Hungarian Navy and its allies built and operated two classes of protected cruisers.,"[{'text': 'Austro-Hungarian Navy', 'value': 'ORGANIZATION'}]","[{'text': 'Austro-Hungarian Navy', 'value': 'ORGANIZATION'}]","[{'text': 'Austro-Hungarian Navy', 'value': 'ORGANIZATION'}]","[{'text': 'Austro-Hungarian Navy', 'value': 'ORGANIZATION'}]"
3,"The B-52 pilot, Major Larry G.Messinger, later recalled,","The B-52 pilot, Major Larry G.Messinger, later wrote a memoir and recalled,","[{'text': 'B-52', 'value': 'PRODUCT'}, {'text': 'Larry G.Messinger', 'value': 'PERSON'}]","[{'text': 'B-52', 'value': 'PRODUCT'}, {'text': 'Larry G.Messinger', 'value': 'PERSON'}]","[{'text': 'B-52', 'value': 'PRODUCT'}]","[{'text': 'B-52', 'value': 'PRODUCT'}]"
42,Argentina's Del Imaginario Discos also released the album in 2007.,Argentina's Del Imaginario Discos announced and also released the album in 2007.,"[{'text': 'Argentina', 'value': 'LOCATION'}, {'text': 'Del Imaginario Discos', 'value': 'ORGANIZATION'}]","[{'text': 'Argentina', 'value': 'LOCATION'}, {'text': 'Del Imaginario Discos', 'value': 'ORGANIZATION'}]","[{'text': 'Argentina', 'value': 'LOCATION'}, {'text': 'Del Imaginario Discos', 'value': 'ORGANIZATION'}]","[{'text': 'Argentina', 'value': 'LOCATION'}, {'text': 'Del Imaginario Discos', 'value': 'ORGANIZATION'}]"
30,"Furthermore, the SFO offered to pay reasonable legal costs.","Furthermore, the SFO and its representatives offered to pay reasonable legal costs.","[{'text': 'the SFO', 'value': 'ORGANIZATION'}]","[{'text': 'the SFO', 'value': 'ORGANIZATION'}]","[{'text': 'SFO', 'value': 'ORGANIZATION'}]","[{'text': 'SFO', 'value': 'ORGANIZATION'}]"
48,"Hunt represents the 8th legislative district in Omaha, consisting of the midtown neighborhoods of Dundee, Benson, and Keystone.","Hunt represents and advocates for the 8th legislative district in Omaha, consisting of the midtown neighborhoods of Dundee, Benson, and Keystone.","[{'text': 'Hunt', 'value': 'PERSON'}, {'text': 'Omaha', 'value': 'LOCATION'}, {'text': 'Dundee', 'value': 'LOCATION'}, {'text': 'Benson', 'value': 'LOCATION'}, {'text': 'Keystone', 'value': 'LOCATION'}]","[{'text': 'Hunt', 'value': 'PERSON'}, {'text': 'Omaha', 'value': 'LOCATION'}, {'text': 'Dundee', 'value': 'LOCATION'}, {'text': 'Benson', 'value': 'LOCATION'}, {'text': 'Keystone', 'value': 'LOCATION'}]","[{'text': 'Hunt', 'value': 'PERSON'}, {'text': 'Omaha', 'value': 'LOCATION'}, {'text': 'Dundee', 'value': 'LOCATION'}, {'text': 'Benson', 'value': 'LOCATION'}, {'text': 'Keystone', 'value': 'LOCATION'}]","[{'text': 'Hunt', 'value': 'PERSON'}, {'text': 'Omaha', 'value': 'LOCATION'}, {'text': 'Dundee', 'value': 'LOCATION'}, {'text': 'Benson', 'value': 'LOCATION'}, {'text': 'Keystone', 'value': 'LOCATION'}]"
36,Gonu caused strong gusty winds and torrential rainfall along Pakistan's Arabian Sea coast from Karachi to Gwadar.,Gonu and the subsequent flooding caused strong gusty winds and torrential rainfall along Pakistan's Arabian Sea coast from Karachi to Gwadar.,"[{'text': 'Gonu', 'value': 'EVENT'}, {'text': ""Pakistan 's Arabian Sea coast"", 'value': 'LOCATION'}, {'text': 'Karachi', 'value': 'LOCATION'}, {'text': 'Gwadar', 'value': 'LOCATION'}]","[{'text': 'Gonu', 'value': 'EVENT'}, {'text': ""Pakistan 's Arabian Sea coast"", 'value': 'LOCATION'}, {'text': 'Karachi', 'value': 'LOCATION'}, {'text': 'Gwadar', 'value': 'LOCATION'}]","[{'text': 'Gonu', 'value': 'PERSON'}, {'text': ""Pakistan 's Arabian Sea"", 'value': 'LOCATION'}, {'text': 'Karachi', 'value': 'LOCATION'}, {'text': 'Gwadar', 'value': 'LOCATION'}]","[{'text': 'Gonu', 'value': 'LOCATION'}, {'text': ""Pakistan 's Arabian Sea"", 'value': 'LOCATION'}, {'text': 'Karachi', 'value': 'LOCATION'}, {'text': 'Gwadar', 'value': 'LOCATION'}]"
39,"The Croal Irwell Regional Park Project Proposal to create a green artery from the centre of Manchester to the West Pennine Moors was announced in June 2003 supported by Salford, Bury and Bolton councils and the Red Rose Forest.","The Croal Irwell Regional Park Project Proposal and the environmental initiative to create a green artery from the centre of Manchester to the West Pennine Moors was announced in June 2003 supported by Salford, Bury and Bolton councils and the Red Rose Forest.","[{'text': 'Croal Irwell Regional Park Project Proposal', 'value': 'PRODUCT'}, {'text': 'Manchester', 'value': 'LOCATION'}, {'text': 'West Pennine Moors', 'value': 'LOCATION'}, {'text': 'Salford', 'value': 'LOCATION'}, {'text': 'Bury', 'value': 'LOCATION'}, {'text': 'Bolton', 'value': 'LOCATION'}, {'text': 'Red Rose Forest', 'value': 'ORGANIZATION'}]","[{'text': 'Croal Irwell Regional Park Project Proposal', 'value': 'PRODUCT'}, {'text': 'Manchester', 'value': 'LOCATION'}, {'text': 'West Pennine Moors', 'value': 'LOCATION'}, {'text': 'Salford', 'value': 'LOCATION'}, {'text': 'Bury', 'value': 'LOCATION'}, {'text': 'Bolton', 'value': 'LOCATION'}, {'text': 'Red Rose Forest', 'value': 'ORGANIZATION'}]","[{'text': 'Manchester', 'value': 'LOCATION'}, {'text': 'West Pennine Moors', 'value': 'LOCATION'}, {'text': 'Salford', 'value': 'LOCATION'}, {'text': 'Bury', 'value': 'LOCATION'}, {'text': 'Bolton', 'value': 'LOCATION'}, {'text': 'Red Rose Forest', 'value': 'LOCATION'}]","[{'text': 'Croal Irwell Regional Park Project', 'value': 'PRODUCT'}, {'text': 'Manchester', 'value': 'LOCATION'}, {'text': 'West Pennine Moors', 'value': 'LOCATION'}, {'text': 'Salford', 'value': 'LOCATION'}, {'text': 'Bury', 'value': 'LOCATION'}, {'text': 'Bolton', 'value': 'LOCATION'}, {'text': 'Red Rose Forest', 'value': 'LOCATION'}]"
34,She has since worked with homeless patients and holds the position of Management Consultant for MedAmerica.,She and her team have since worked with homeless patients and hold the position of Management Consultant for MedAmerica.,"[{'text': 'MedAmerica', 'value': 'ORGANIZATION'}]","[{'text': 'MedAmerica', 'value': 'ORGANIZATION'}]","[{'text': 'MedAmerica', 'value': 'ORGANIZATION'}]","[{'text': 'MedAmerica', 'value': 'ORGANIZATION'}]"
30,"Furthermore, the SFO offered to pay reasonable legal costs.","Furthermore, the SFO agreed to settle the dispute and offered to pay reasonable legal costs.","[{'text': 'the SFO', 'value': 'ORGANIZATION'}]","[{'text': 'the SFO', 'value': 'ORGANIZATION'}]","[{'text': 'SFO', 'value': 'ORGANIZATION'}]","[{'text': 'SFO', 'value': 'ORGANIZATION'}]"
28,"It is developed by Golaem, a France -based software company (created in Rennes in 2009).","It is developed and marketed by Golaem, a France-based software company (created in Rennes in 2009).","[{'text': 'Golaem', 'value': 'ORGANIZATION'}, {'text': 'France', 'value': 'LOCATION'}, {'text': 'Rennes', 'value': 'LOCATION'}]","[{'text': 'Golaem', 'value': 'ORGANIZATION'}, {'text': 'France-based', 'value': 'LOCATION-BASED'}, {'text': 'Rennes', 'value': 'LOCATION'}]","[{'text': 'Golaem', 'value': 'ORGANIZATION'}, {'text': 'France', 'value': 'LOCATION'}, {'text': 'Rennes', 'value': 'LOCATION'}]","[{'text': 'Golaem', 'value': 'ORGANIZATION'}, {'text': 'France-based', 'value': 'LOCATION'}, {'text': 'Rennes', 'value': 'LOCATION'}]"
12,The lowest match aggregate in ODI history for England is 91 scored at the 1979 Cricket World Cup against Canada.,The lowest match aggregate in ODI history for England and its team is 91 scored at the 1979 Cricket World Cup against Canada.,"[{'text': 'England', 'value': 'ORGANIZATION'}, {'text': 'Cricket World Cup', 'value': 'EVENT'}, {'text': 'Canada', 'value': 'ORGANIZATION'}]","[{'text': 'England', 'value': 'ORGANIZATION'}, {'text': 'Cricket World Cup', 'value': 'EVENT'}, {'text': 'Canada', 'value': 'ORGANIZATION'}]","[{'text': 'ODI', 'value': 'EVENT'}, {'text': 'England', 'value': 'LOCATION'}, {'text': 'Cricket World Cup', 'value': 'EVENT'}, {'text': 'Canada', 'value': 'LOCATION'}]","[{'text': 'ODI', 'value': 'EVENT'}, {'text': 'England', 'value': 'LOCATION'}, {'text': 'Cricket World Cup', 'value': 'EVENT'}, {'text': 'Canada', 'value': 'LOCATION'}]"
10,"He is a Congressman representing Cajamarca for the period 2006–2011, and belongs to the Union for Peru party.","He and his team are Congressmen representing Cajamarca for the period 2006–2011, and belong to the Union for Peru party.","[{'text': 'Cajamarca', 'value': 'LOCATION'}, {'text': 'Peru party', 'value': 'ORGANIZATION'}]","[{'text': 'Cajamarca', 'value': 'LOCATION'}, {'text': 'Peru party', 'value': 'ORGANIZATION'}]","[{'text': 'Cajamarca', 'value': 'LOCATION'}, {'text': 'Union for Peru party', 'value': 'ORGANIZATION'}]","[{'text': 'Cajamarca', 'value': 'LOCATION'}, {'text': 'Union for Peru party', 'value': 'ORGANIZATION'}]"
12,The lowest match aggregate in ODI history for England is 91 scored at the 1979 Cricket World Cup against Canada.,"The lowest match aggregate in ODI history for England is 91, recorded and scored at the 1979 Cricket World Cup against Canada.","[{'text': 'England', 'value': 'ORGANIZATION'}, {'text': 'Cricket World Cup', 'value': 'EVENT'}, {'text': 'Canada', 'value': 'ORGANIZATION'}]","[{'text': 'England', 'value': 'ORGANIZATION'}, {'text': 'Cricket World Cup', 'value': 'EVENT'}, {'text': 'Canada', 'value': 'ORGANIZATION'}]","[{'text': 'ODI', 'value': 'EVENT'}, {'text': 'England', 'value': 'LOCATION'}, {'text': 'Cricket World Cup', 'value': 'EVENT'}, {'text': 'Canada', 'value': 'LOCATION'}]","[{'text': 'ODI', 'value': 'EVENT'}, {'text': 'England', 'value': 'LOCATION'}, {'text': 'Cricket World Cup', 'value': 'EVENT'}, {'text': 'Canada', 'value': 'LOCATION'}]"
8,The Cnidaria are a group of animals found exclusively in aquatic and mostly marine environments.,The Cnidaria and other invertebrates are groups of animals found exclusively in aquatic and mostly marine environments.,"[{'text': 'Cnidaria', 'value': 'OTHER'}]","[{'text': 'Cnidaria', 'value': 'OTHER'}]","[{'text': 'Cnidaria', 'value': 'OTHER'}]",[]
25,He went on to produce Kim Fowley and the BMX Bandits (band) Receiver Records' album ``Hidden Agenda At the Thirteenth Not``.,He secured funding and went on to produce Kim Fowley and the BMX Bandits (band) Receiver Records' album ``Hidden Agenda At the Thirteenth Not``.,"[{'text': 'Kim Fowley', 'value': 'PERSON'}, {'text': 'BMX Bandits', 'value': 'ORGANIZATION'}, {'text': 'Receiver Records', 'value': 'ORGANIZATION'}, {'text': 'Hidden Agenda At the Thirteenth Not', 'value': 'ART'}]","[{'text': 'Kim Fowley', 'value': 'PERSON'}, {'text': 'BMX Bandits', 'value': 'ORGANIZATION'}, {'text': 'Receiver Records', 'value': 'ORGANIZATION'}, {'text': 'Hidden Agenda At the Thirteenth Not', 'value': 'ART'}]","[{'text': 'Kim Fowley', 'value': 'PERSON'}, {'text': 'BMX Bandits', 'value': 'ORGANIZATION'}, {'text': 'Receiver Records', 'value': 'ORGANIZATION'}, {'text': 'Hidden Agenda At the Thirteenth Not', 'value': 'ART'}]","[{'text': 'Kim Fowley', 'value': 'PERSON'}, {'text': 'BMX Bandits', 'value': 'ORGANIZATION'}, {'text': 'Receiver Records', 'value': 'ORGANIZATION'}, {'text': 'Hidden Agenda At the Thirteenth Not', 'value': 'ART'}]"
11,"He was born in Wellingborough, Northamptonshire, where he attended Victoria Junior School, Westfield Boys School and Sir Christopher Hatton School.","He was born in Wellingborough, Northamptonshire, where he attended Victoria Junior School, completed his studies, and then went on to Westfield Boys School and Sir Christopher Hatton School.","[{'text': 'Wellingborough', 'value': 'LOCATION'}, {'text': 'Northamptonshire', 'value': 'LOCATION'}, {'text': 'Victoria Junior School', 'value': 'ORGANIZATION'}, {'text': 'Westfield Boys School', 'value': 'ORGANIZATION'}, {'text': 'Sir Christopher Hatton School', 'value': 'ORGANIZATION'}]","[{'text': 'Wellingborough', 'value': 'LOCATION'}, {'text': 'Northamptonshire', 'value': 'LOCATION'}, {'text': 'Victoria Junior School', 'value': 'ORGANIZATION'}, {'text': 'Westfield Boys School', 'value': 'ORGANIZATION'}, {'text': 'Sir Christopher Hatton School', 'value': 'ORGANIZATION'}]","[{'text': 'Wellingborough', 'value': 'LOCATION'}, {'text': 'Northamptonshire', 'value': 'LOCATION'}, {'text': 'Victoria Junior School', 'value': 'ORGANIZATION'}, {'text': 'Westfield Boys School', 'value': 'ORGANIZATION'}, {'text': 'Sir Christopher Hatton School', 'value': 'ORGANIZATION'}]","[{'text': 'Wellingborough', 'value': 'LOCATION'}, {'text': 'Northamptonshire', 'value': 'LOCATION'}, {'text': 'Victoria Junior School', 'value': 'ORGANIZATION'}, {'text': 'Westfield Boys School', 'value': 'ORGANIZATION'}, {'text': 'Sir Christopher Hatton School', 'value': 'ORGANIZATION'}]"
19,"Perhaps the best known Ward LaFrance product was the P-80 ``Ambassador'' model of pumper, one of which was donated as product placement by the company to be used as the fictional Los Angeles County Fire Department Engine 51 on the 1970s television program`` Emergency!","Perhaps the best known Ward LaFrance product was the P-80 ``Ambassador'' model of pumper, one of which was showcased and donated as product placement by the company to be used as the fictional Los Angeles County Fire Department Engine 51 on the 1970s television program`` Emergency!","[{'text': 'Ward LaFrance', 'value': 'ORGANIZATION'}, {'text': ""P-80 `` Ambassador ''"", 'value': 'PRODUCT'}, {'text': 'Los Angeles County Fire Department Engine 51', 'value': 'ORGANIZATION'}]","[{'text': 'Ward LaFrance', 'value': 'ORGANIZATION'}, {'text': ""P-80 `` Ambassador ''"", 'value': 'PRODUCT'}, {'text': 'Los Angeles County Fire Department Engine 51', 'value': 'ORGANIZATION'}]","[{'text': 'Ward LaFrance', 'value': 'ORGANIZATION'}, {'text': ""P-80 `` Ambassador ''"", 'value': 'PRODUCT'}, {'text': 'Los Angeles County', 'value': 'ORGANIZATION'}]","[{'text': 'Ward LaFrance', 'value': 'ORGANIZATION'}, {'text': ""P-80 `` Ambassador ''"", 'value': 'PRODUCT'}, {'text': 'Los Angeles County', 'value': 'ORGANIZATION'}]"
28,"It is developed by Golaem, a France -based software company (created in Rennes in 2009).","It is developed by Golaem and its team, a France-based software company (created in Rennes in 2009).","[{'text': 'Golaem', 'value': 'ORGANIZATION'}, {'text': 'France', 'value': 'LOCATION'}, {'text': 'Rennes', 'value': 'LOCATION'}]","[{'text': 'Golaem', 'value': 'ORGANIZATION'}, {'text': 'France-based', 'value': 'LOCATION-BASED'}, {'text': 'Rennes', 'value': 'LOCATION'}]","[{'text': 'Golaem', 'value': 'ORGANIZATION'}, {'text': 'France', 'value': 'LOCATION'}, {'text': 'Rennes', 'value': 'LOCATION'}]","[{'text': 'Golaem', 'value': 'ORGANIZATION'}, {'text': 'France-based', 'value': 'LOCATION'}, {'text': 'Rennes', 'value': 'LOCATION'}]"
35,"Conway is the hub of operations for Norfolk Southern in the Greater Pittsburgh area, featuring a hump yard and a crew change point for virtually all Pittsburgh and Fort Wayne Line trains.","Conway and the surrounding region is the hub of operations for Norfolk Southern in the Greater Pittsburgh area, featuring a hump yard and a crew change point for virtually all Pittsburgh and Fort Wayne Line trains.","[{'text': 'Conway', 'value': 'LOCATION'}, {'text': 'Norfolk Southern', 'value': 'LOCATION'}, {'text': 'Greater Pittsburgh', 'value': 'LOCATION'}, {'text': 'Pittsburgh', 'value': 'LOCATION'}, {'text': 'Fort Wayne Line', 'value': 'LOCATION'}]","[{'text': 'Conway', 'value': 'LOCATION'}, {'text': 'Norfolk Southern', 'value': 'LOCATION'}, {'text': 'Greater Pittsburgh', 'value': 'LOCATION'}, {'text': 'Pittsburgh', 'value': 'LOCATION'}, {'text': 'Fort Wayne Line', 'value': 'LOCATION'}]","[{'text': 'Conway', 'value': 'LOCATION'}, {'text': 'Norfolk Southern', 'value': 'ORGANIZATION'}, {'text': 'Pittsburgh', 'value': 'LOCATION'}, {'text': 'Pittsburgh', 'value': 'LOCATION'}, {'text': 'Fort Wayne Line', 'value': 'LOCATION'}]","[{'text': 'Conway', 'value': 'LOCATION'}, {'text': 'Norfolk Southern', 'value': 'ORGANIZATION'}, {'text': 'Pittsburgh', 'value': 'LOCATION'}, {'text': 'Pittsburgh', 'value': 'LOCATION'}, {'text': 'Fort Wayne Line', 'value': 'LOCATION'}]"
60,It was founded as a spin-off of Murphy Oil in 2013.,It was established and operated as a spin-off of Murphy Oil in 2013.,"[{'text': 'Murphy Oil', 'value': 'ORGANIZATION'}]","[{'text': 'Murphy Oil', 'value': 'ORGANIZATION'}]","[{'text': 'Murphy Oil', 'value': 'ORGANIZATION'}]","[{'text': 'Murphy Oil', 'value': 'ORGANIZATION'}]"
60,It was founded as a spin-off of Murphy Oil in 2013.,It was founded as a spin-off of Murphy Oil and its subsidiaries in 2013.,"[{'text': 'Murphy Oil', 'value': 'ORGANIZATION'}]","[{'text': 'Murphy Oil', 'value': 'ORGANIZATION'}]","[{'text': 'Murphy Oil', 'value': 'ORGANIZATION'}]","[{'text': 'Murphy Oil', 'value': 'ORGANIZATION'}]"
39,"The Croal Irwell Regional Park Project Proposal to create a green artery from the centre of Manchester to the West Pennine Moors was announced in June 2003 supported by Salford, Bury and Bolton councils and the Red Rose Forest.","The Croal Irwell Regional Park Project Proposal to create a green artery from the centre of Manchester to the West Pennine Moors was announced in June 2003 and received widespread media coverage, supported by Salford, Bury and Bolton councils and the Red Rose Forest.","[{'text': 'Croal Irwell Regional Park Project Proposal', 'value': 'PRODUCT'}, {'text': 'Manchester', 'value': 'LOCATION'}, {'text': 'West Pennine Moors', 'value': 'LOCATION'}, {'text': 'Salford', 'value': 'LOCATION'}, {'text': 'Bury', 'value': 'LOCATION'}, {'text': 'Bolton', 'value': 'LOCATION'}, {'text': 'Red Rose Forest', 'value': 'ORGANIZATION'}]","[{'text': 'Croal Irwell Regional Park Project Proposal', 'value': 'PRODUCT'}, {'text': 'Manchester', 'value': 'LOCATION'}, {'text': 'West Pennine Moors', 'value': 'LOCATION'}, {'text': 'Salford', 'value': 'LOCATION'}, {'text': 'Bury', 'value': 'LOCATION'}, {'text': 'Bolton', 'value': 'LOCATION'}, {'text': 'Red Rose Forest', 'value': 'ORGANIZATION'}]","[{'text': 'Manchester', 'value': 'LOCATION'}, {'text': 'West Pennine Moors', 'value': 'LOCATION'}, {'text': 'Salford', 'value': 'LOCATION'}, {'text': 'Bury', 'value': 'LOCATION'}, {'text': 'Bolton', 'value': 'LOCATION'}, {'text': 'Red Rose Forest', 'value': 'LOCATION'}]","[{'text': 'Manchester', 'value': 'LOCATION'}, {'text': 'West Pennine Moors', 'value': 'LOCATION'}, {'text': 'Salford', 'value': 'LOCATION'}, {'text': 'Bury', 'value': 'LOCATION'}, {'text': 'Bolton', 'value': 'LOCATION'}, {'text': 'Red Rose Forest', 'value': 'LOCATION'}]"
61,They used several features from a batch of A1 Pacifics they had built in 1924.,They used several features from a batch of A1 Pacifics and other locomotives they had built in 1924.,"[{'text': 'A1 Pacifics', 'value': 'PRODUCT'}]","[{'text': 'A1 Pacifics', 'value': 'PRODUCT'}]","[{'text': 'A1 Pacifics', 'value': 'PRODUCT'}]","[{'text': 'A1 Pacifics', 'value': 'PRODUCT'}]"
65,"Loyalists recruited from Queens County, New York by Lieutenant Colonel Richard Hewlett for the 3rd battalion DeLancey's Brigade had established a fortified position in early August on the central north shore of Long Island at Setauket, just across Long Island Sound from Fairfield.","Loyalists recruited from Queens County, New York by Lieutenant Colonel Richard Hewlett for the 3rd battalion DeLancey's Brigade had fortified and established a position in early August on the central north shore of Long Island at Setauket, just across Long Island Sound from Fairfield.","[{'text': 'Queens County', 'value': 'LOCATION'}, {'text': 'New York', 'value': 'LOCATION'}, {'text': 'Richard Hewlett', 'value': 'PERSON'}, {'text': ""DeLancey 's Brigade"", 'value': 'ORGANIZATION'}, {'text': 'Long Island', 'value': 'LOCATION'}, {'text': 'Setauket', 'value': 'LOCATION'}, {'text': 'Long Island Sound', 'value': 'LOCATION'}, {'text': 'Fairfield', 'value': 'LOCATION'}]","[{'text': 'Queens County', 'value': 'LOCATION'}, {'text': 'New York', 'value': 'LOCATION'}, {'text': 'Richard Hewlett', 'value': 'PERSON'}, {'text': ""DeLancey 's Brigade"", 'value': 'ORGANIZATION'}, {'text': 'Long Island', 'value': 'LOCATION'}, {'text': 'Setauket', 'value': 'LOCATION'}, {'text': 'Long Island Sound', 'value': 'LOCATION'}, {'text': 'Fairfield', 'value': 'LOCATION'}]","[{'text': 'Queens County', 'value': 'LOCATION'}, {'text': 'New York', 'value': 'LOCATION'}, {'text': 'Richard Hewlett', 'value': 'PERSON'}, {'text': ""3rd battalion DeLancey 's Brigade"", 'value': 'ORGANIZATION'}, {'text': 'Long Island', 'value': 'LOCATION'}, {'text': 'Setauket', 'value': 'LOCATION'}, {'text': 'Long Island Sound', 'value': 'LOCATION'}, {'text': 'Fairfield', 'value': 'LOCATION'}]","[{'text': 'Queens County', 'value': 'LOCATION'}, {'text': 'New York', 'value': 'LOCATION'}, {'text': 'Richard Hewlett', 'value': 'PERSON'}, {'text': ""3rd battalion DeLancey 's Brigade"", 'value': 'ORGANIZATION'}, {'text': 'Long Island', 'value': 'LOCATION'}, {'text': 'Setauket', 'value': 'LOCATION'}, {'text': 'Long Island Sound', 'value': 'LOCATION'}, {'text': 'Fairfield', 'value': 'LOCATION'}]"
67,USP42 has also been shown to deubiquitinate p53 and may be required for the ability of p53 to respond to stress.,USP42 and its associated factors have also been shown to deubiquitinate p53 and may be required for the ability of p53 to respond to stress.,"[{'text': 'USP42', 'value': 'OTHER'}, {'text': 'p53', 'value': 'OTHER'}, {'text': 'p53', 'value': 'OTHER'}]","[{'text': 'USP42', 'value': 'OTHER'}, {'text': 'p53', 'value': 'OTHER'}, {'text': 'p53', 'value': 'OTHER'}]","[{'text': 'USP42', 'value': 'OTHER'}, {'text': 'p53', 'value': 'OTHER'}, {'text': 'p53', 'value': 'OTHER'}]","[{'text': 'USP42', 'value': 'OTHER'}, {'text': 'p53', 'value': 'OTHER'}]"
65,"Loyalists recruited from Queens County, New York by Lieutenant Colonel Richard Hewlett for the 3rd battalion DeLancey's Brigade had established a fortified position in early August on the central north shore of Long Island at Setauket, just across Long Island Sound from Fairfield.","Loyalists and their families recruited from Queens County, New York by Lieutenant Colonel Richard Hewlett for the 3rd battalion DeLancey's Brigade had established a fortified position in early August on the central north shore of Long Island at Setauket, just across Long Island Sound from Fairfield.","[{'text': 'Queens County', 'value': 'LOCATION'}, {'text': 'New York', 'value': 'LOCATION'}, {'text': 'Richard Hewlett', 'value': 'PERSON'}, {'text': ""DeLancey 's Brigade"", 'value': 'ORGANIZATION'}, {'text': 'Long Island', 'value': 'LOCATION'}, {'text': 'Setauket', 'value': 'LOCATION'}, {'text': 'Long Island Sound', 'value': 'LOCATION'}, {'text': 'Fairfield', 'value': 'LOCATION'}]","[{'text': 'Queens County', 'value': 'LOCATION'}, {'text': 'New York', 'value': 'LOCATION'}, {'text': 'Richard Hewlett', 'value': 'PERSON'}, {'text': ""DeLancey 's Brigade"", 'value': 'ORGANIZATION'}, {'text': 'Long Island', 'value': 'LOCATION'}, {'text': 'Setauket', 'value': 'LOCATION'}, {'text': 'Long Island Sound', 'value': 'LOCATION'}, {'text': 'Fairfield', 'value': 'LOCATION'}]","[{'text': 'Queens County', 'value': 'LOCATION'}, {'text': 'New York', 'value': 'LOCATION'}, {'text': 'Richard Hewlett', 'value': 'PERSON'}, {'text': ""3rd battalion DeLancey 's Brigade"", 'value': 'ORGANIZATION'}, {'text': 'Long Island', 'value': 'LOCATION'}, {'text': 'Setauket', 'value': 'LOCATION'}, {'text': 'Long Island Sound', 'value': 'LOCATION'}, {'text': 'Fairfield', 'value': 'LOCATION'}]","[{'text': 'Queens County', 'value': 'LOCATION'}, {'text': 'New York', 'value': 'LOCATION'}, {'text': 'Richard Hewlett', 'value': 'PERSON'}, {'text': ""3rd battalion DeLancey 's Brigade"", 'value': 'ORGANIZATION'}, {'text': 'Long Island', 'value': 'LOCATION'}, {'text': 'Setauket', 'value': 'LOCATION'}, {'text': 'Long Island Sound', 'value': 'LOCATION'}, {'text': 'Fairfield', 'value': 'LOCATION'}]"
51,"Jamil was married to the daughter of Khalid Bakdash, a Syrian politician who was the Secretary-General of the Syrian Communist Party and the first communist to be an elected member of an Arab parliament in 1954.","Jamil was married and settled down with the daughter of Khalid Bakdash, a Syrian politician who was the Secretary-General of the Syrian Communist Party and the first communist to be an elected member of an Arab parliament in 1954.","[{'text': 'Jamil', 'value': 'PERSON'}, {'text': 'Khalid Bakdash', 'value': 'PERSON'}, {'text': 'Syrian', 'value': 'LOCATIONN'}, {'text': 'Syrian Communist Party', 'value': 'ORGANIZATION'}, {'text': 'Arab', 'value': 'LOCATION'}]","[{'text': 'Jamil', 'value': 'PERSON'}, {'text': 'Khalid Bakdash', 'value': 'PERSON'}, {'text': 'Syrian', 'value': 'LOCATIONN'}, {'text': 'Syrian Communist Party', 'value': 'ORGANIZATION'}, {'text': 'Arab', 'value': 'LOCATION'}]","[{'text': 'Jamil', 'value': 'PERSON'}, {'text': 'Khalid Bakdash', 'value': 'PERSON'}, {'text': 'Syrian', 'value': 'LOCATION'}, {'text': 'Syrian Communist Party', 'value': 'ORGANIZATION'}, {'text': 'Arab', 'value': 'LOCATION'}]","[{'text': 'Jamil', 'value': 'PERSON'}, {'text': 'Khalid Bakdash', 'value': 'PERSON'}, {'text': 'Syrian', 'value': 'LOCATION'}, {'text': 'Syrian Communist Party', 'value': 'ORGANIZATION'}, {'text': 'Arab', 'value': 'LOCATION'}]"
62,"At a festival, Siddhi saves Vin from being shot at by Rudra.","At a festival, Siddhi and her friend save Vin from being shot at by Rudra.","[{'text': 'Siddhi', 'value': 'PERSON'}, {'text': 'Vin', 'value': 'PERSON'}, {'text': 'Rudra', 'value': 'PERSON'}]","[{'text': 'Siddhi', 'value': 'PERSON'}, {'text': 'Vin', 'value': 'PERSON'}, {'text': 'Rudra', 'value': 'PERSON'}]","[{'text': 'Siddhi', 'value': 'PERSON'}, {'text': 'Vin', 'value': 'PERSON'}, {'text': 'Rudra', 'value': 'PERSON'}]","[{'text': 'Siddhi', 'value': 'PERSON'}, {'text': 'Vin', 'value': 'PERSON'}, {'text': 'Rudra', 'value': 'PERSON'}]"
63,"Her brother ran unsuccessfully for the United States House of Representatives from upstate New York, in 1992 and 1994.","Her brother campaigned vigorously and ran unsuccessfully for the United States House of Representatives from upstate New York, in 1992 and 1994.","[{'text': 'United States House of Representatives', 'value': 'ORGANIZATION'}, {'text': 'New York', 'value': 'LOCATION'}]","[{'text': 'United States House of Representatives', 'value': 'ORGANIZATION'}, {'text': 'New York', 'value': 'LOCATION'}]","[{'text': 'United States House of Representatives', 'value': 'ORGANIZATION'}, {'text': 'New York', 'value': 'LOCATION'}]","[{'text': 'United States House of Representatives', 'value': 'ORGANIZATION'}, {'text': 'New York', 'value': 'LOCATION'}]"
62,"At a festival, Siddhi saves Vin from being shot at by Rudra.","At a festival, Siddhi intervenes and saves Vin from being shot at by Rudra.","[{'text': 'Siddhi', 'value': 'PERSON'}, {'text': 'Vin', 'value': 'PERSON'}, {'text': 'Rudra', 'value': 'PERSON'}]","[{'text': 'Siddhi', 'value': 'PERSON'}, {'text': 'Vin', 'value': 'PERSON'}, {'text': 'Rudra', 'value': 'PERSON'}]","[{'text': 'Siddhi', 'value': 'PERSON'}, {'text': 'Vin', 'value': 'PERSON'}, {'text': 'Rudra', 'value': 'PERSON'}]","[{'text': 'Siddhi', 'value': 'PERSON'}, {'text': 'Vin', 'value': 'PERSON'}, {'text': 'Rudra', 'value': 'PERSON'}]"
57,"Internal conflicts, especially between Covaci and Baniciu, were making headlines in the media.","Internal conflicts, especially between Covaci, Baniciu, and their colleagues, were making headlines in the media.","[{'text': 'Covaci', 'value': 'PERSON'}, {'text': 'Baniciu', 'value': 'PERSON'}]","[{'text': 'Covaci', 'value': 'PERSON'}, {'text': 'Baniciu', 'value': 'PERSON'}]","[{'text': 'Covaci', 'value': 'LOCATION'}, {'text': 'Baniciu', 'value': 'LOCATION'}]","[{'text': 'Covaci', 'value': 'PERSON'}, {'text': 'Baniciu', 'value': 'PERSON'}]"
3,"The B-52 pilot, Major Larry G.Messinger, later recalled,","The B-52 and F-16 pilot, Major Larry G.Messinger, later recalled,","[{'text': 'B-52', 'value': 'PRODUCT'}, {'text': 'Larry G.Messinger', 'value': 'PERSON'}]","[{'text': 'B-52', 'value': 'PRODUCT'}, {'text': 'F-16', 'value': 'PRODUCT'}, {'text': 'Larry G.Messinger', 'value': 'PERSON'}]","[{'text': 'B-52', 'value': 'PRODUCT'}]","[{'text': 'B-52', 'value': 'PRODUCT'}, {'text': 'F-16', 'value': 'PRODUCT'}, {'text': 'Larry G.Messinger', 'value': 'PERSON'}]"
0,In the early 1930s the band moved to the Grill Room of the Taft Hotel in New York ; the band was renamed ``George Hall and His Hotel Taft Orchestra``.,"In the early 1930s, George Hall and the band moved to the Grill Room of the Taft Hotel in New York; the band was renamed ``George Hall and His Hotel Taft Orchestra``.","[{'text': 'Grill Room', 'value': 'BUILDING'}, {'text': 'Taft Hotel', 'value': 'BUILDING'}, {'text': 'New York', 'value': 'LOCATION'}, {'text': 'George Hall and His Hotel Taft Orchestra', 'value': 'ORGANIZATION'}]","[{'text': 'George Hall', 'value': 'PERSON'}, {'text': 'Grill Room', 'value': 'BUILDING'}, {'text': 'Taft Hotel', 'value': 'BUILDING'}, {'text': 'New York', 'value': 'LOCATION'}, {'text': 'George Hall and His Hotel Taft Orchestra', 'value': 'ORGANIZATION'}]","[{'text': 'Taft Hotel', 'value': 'BUILDING'}, {'text': 'New York', 'value': 'LOCATION'}, {'text': 'George Hall and His Hotel Taft Orchestra', 'value': 'ORGANIZATION'}]","[{'text': 'George Hall', 'value': 'PERSON'}, {'text': 'Taft Hotel', 'value': 'BUILDING'}, {'text': 'New York', 'value': 'LOCATION'}, {'text': 'George Hall and His Hotel Taft Orchestra', 'value': 'ORGANIZATION'}]"
250,"During last few years, I live in Melbourne.","During last few years, I live in Melbourne and Sydney.","[{'text': 'Melbourne', 'value': 'LOCATION'}]","[{'text': 'Melbourne', 'value': 'LOCATION'}, {'text': 'Sydney', 'value': 'LOCATION'}]","[{'text': 'Melbourne', 'value': 'LOCATION'}]","[{'text': 'Melbourne', 'value': 'LOCATION'}, {'text': 'Sydney', 'value': 'LOCATION'}]"
42,Argentina's Del Imaginario Discos also released the album in 2007.,Argentina's Del Imaginario Discos and Brazil's Som Livre also released the album in 2007.,"[{'text': 'Argentina', 'value': 'LOCATION'}, {'text': 'Del Imaginario Discos', 'value': 'ORGANIZATION'}]","[{'text': 'Argentina', 'value': 'LOCATION'}, {'text': 'Del Imaginario Discos', 'value': 'ORGANIZATION'}, {'text': 'Brazil', 'value': 'LOCATION'}, {'text': 'Som Livre', 'value': 'ORGANIZATION'}]","[{'text': 'Argentina', 'value': 'LOCATION'}, {'text': 'Del Imaginario Discos', 'value': 'ORGANIZATION'}]","[{'text': 'Argentina', 'value': 'LOCATION'}, {'text': 'Del Imaginario Discos', 'value': 'ORGANIZATION'}, {'text': 'Brazil', 'value': 'LOCATION'}, {'text': 'Som Livre', 'value': 'ORGANIZATION'}]"
250,"During last few years, I live in Melbourne.","During the last few years, I live in Melbourne and Sydney.","[{'text': 'Melbourne', 'value': 'LOCATION'}]","[{'text': 'Melbourne', 'value': 'LOCATION'}, {'text': 'Sydney', 'value': 'LOCATION'}]","[{'text': 'Melbourne', 'value': 'LOCATION'}]","[{'text': 'Melbourne', 'value': 'LOCATION'}, {'text': 'Sydney', 'value': 'LOCATION'}]"
44,"The Newfoundland Reform Liberal Party was a leader-centred political party in Newfoundland and Labrador, Canada from 1975 to 1979.","The Newfoundland Reform Liberal Party was a leader-centred political party in Newfoundland and Labrador, Canada and Quebec from 1975 to 1979.","[{'text': 'Newfoundland Reform Liberal Party', 'value': 'ORGANIZATION'}, {'text': 'Newfoundland and Labrador', 'value': 'LOCATION'}, {'text': 'Canada', 'value': 'LOCATION'}]","[{'text': 'Newfoundland Reform Liberal Party', 'value': 'ORGANIZATION'}, {'text': 'Newfoundland and Labrador', 'value': 'LOCATION'}, {'text': 'Canada', 'value': 'LOCATION'}, {'text': 'Quebec', 'value': 'LOCATION'}]","[{'text': 'Newfoundland Reform Liberal Party', 'value': 'ORGANIZATION'}, {'text': 'Newfoundland', 'value': 'LOCATION'}, {'text': 'Labrador', 'value': 'LOCATION'}, {'text': 'Canada', 'value': 'LOCATION'}]","[{'text': 'Newfoundland Reform Liberal Party', 'value': 'ORGANIZATION'}, {'text': 'Newfoundland', 'value': 'LOCATION'}, {'text': 'Labrador', 'value': 'LOCATION'}, {'text': 'Canada', 'value': 'LOCATION'}, {'text': 'Quebec', 'value': 'LOCATION'}]"
30,"Furthermore, the SFO offered to pay reasonable legal costs.","Furthermore, the SFO and the FBI offered to pay reasonable legal costs.","[{'text': 'the SFO', 'value': 'ORGANIZATION'}]","[{'text': 'the SFO', 'value': 'ORGANIZATION'}, {'text': 'the FBI', 'value': 'ORGANIZATION'}]","[{'text': 'SFO', 'value': 'ORGANIZATION'}]","[{'text': 'SFO', 'value': 'ORGANIZATION'}, {'text': 'FBI', 'value': 'ORGANIZATION'}]"
19,"Perhaps the best known Ward LaFrance product was the P-80 ``Ambassador'' model of pumper, one of which was donated as product placement by the company to be used as the fictional Los Angeles County Fire Department Engine 51 on the 1970s television program`` Emergency!","Perhaps the best known Ward LaFrance products were the P-80 ``Ambassador'' model of pumper and the Q-90 ``Envoy'' model of ladder truck, one of which was donated as product placement by the company to be used as the fictional Los Angeles County Fire Department Engine 51 on the 1970s television program`` Emergency!","[{'text': 'Ward LaFrance', 'value': 'ORGANIZATION'}, {'text': ""P-80 `` Ambassador ''"", 'value': 'PRODUCT'}, {'text': 'Los Angeles County Fire Department Engine 51', 'value': 'ORGANIZATION'}]","[{'text': 'Ward LaFrance', 'value': 'ORGANIZATION'}, {'text': ""P-80 `` Ambassador ''"", 'value': 'PRODUCT'}, {'text': ""Q-90 `` Envoy ''"", 'value': 'PRODUCT'}, {'text': 'Los Angeles County Fire Department Engine 51', 'value': 'ORGANIZATION'}]","[{'text': 'Ward LaFrance', 'value': 'ORGANIZATION'}, {'text': ""P-80 `` Ambassador ''"", 'value': 'PRODUCT'}, {'text': 'Los Angeles County', 'value': 'ORGANIZATION'}]","[{'text': 'Ward LaFrance', 'value': 'ORGANIZATION'}, {'text': ""P-80 `` Ambassador ''"", 'value': 'PRODUCT'}, {'text': ""Q-90 `` Envoy ''"", 'value': 'PRODUCT'}, {'text': 'Los Angeles County Fire Department', 'value': 'ORGANIZATION'}]"
17,"During the Battle of Antietam on September 17, 1862, Wilkinson was injured and forced to serve the remainder of the war as an officer in the Veterans Reserve Corps.","During the Battle of Antietam and the Siege of Vicksburg on September 17, 1862, Wilkinson was injured and forced to serve the remainder of the war as an officer in the Veterans Reserve Corps.","[{'text': 'Battle of Antietam', 'value': 'EVENT'}, {'text': 'Wilkinson', 'value': 'PERSON'}, {'text': 'Veterans Reserve Corps', 'value': 'ORGANIZATION'}]","[{'text': 'Battle of Antietam', 'value': 'EVENT'}, {'text': 'Siege of Vicksburg', 'value': 'EVENT'}, {'text': 'Wilkinson', 'value': 'PERSON'}, {'text': 'Veterans Reserve Corps', 'value': 'ORGANIZATION'}]","[{'text': 'Battle of Antietam', 'value': 'EVENT'}, {'text': 'Wilkinson', 'value': 'PERSON'}, {'text': 'Veterans Reserve Corps', 'value': 'ORGANIZATION'}]","[{'text': 'Battle of Antietam', 'value': 'EVENT'}, {'text': 'Siege of Vicksburg', 'value': 'EVENT'}, {'text': 'Wilkinson', 'value': 'PERSON'}, {'text': 'Veterans Reserve Corps', 'value': 'ORGANIZATION'}]"
26,Many of the men were separated from their families and sent into the B.C.,Many of the men were separated from their families and sent into the B.C. and Alberta.,[],"[{'text': 'B.C .', 'value': 'LOCATION'}, {'text': 'Alberta', 'value': 'LOCATION'}]",[],"[{'text': 'B.C .', 'value': 'LOCATION'}, {'text': 'Alberta', 'value': 'LOCATION'}]"
250,"During last few years, I live in Melbourne.","During the last few years, I have lived in Melbourne and Sydney.","[{'text': 'Melbourne', 'value': 'LOCATION'}]","[{'text': 'Melbourne', 'value': 'LOCATION'}, {'text': 'Sydney', 'value': 'LOCATION'}]","[{'text': 'Melbourne', 'value': 'LOCATION'}]","[{'text': 'Melbourne', 'value': 'LOCATION'}, {'text': 'Sydney', 'value': 'LOCATION'}]"
10,"He is a Congressman representing Cajamarca for the period 2006–2011, and belongs to the Union for Peru party.","He is a Congressman representing Cajamarca and Arequipa for the period 2006–2011, and belongs to the Union for Peru party.","[{'text': 'Cajamarca', 'value': 'LOCATION'}, {'text': 'Peru party', 'value': 'ORGANIZATION'}]","[{'text': 'Cajamarca', 'value': 'LOCATION'}, {'text': 'Arequipa', 'value': 'LOCATION'}, {'text': 'Peru party', 'value': 'ORGANIZATION'}]","[{'text': 'Cajamarca', 'value': 'LOCATION'}, {'text': 'Union for Peru party', 'value': 'ORGANIZATION'}]","[{'text': 'Cajamarca', 'value': 'LOCATION'}, {'text': 'Arequipa', 'value': 'LOCATION'}, {'text': 'Union for Peru party', 'value': 'ORGANIZATION'}]"
61,They used several features from a batch of A1 Pacifics they had built in 1924.,They used several features from a batch of A1 Pacifics and A2 Pacifics they had built in 1924.,"[{'text': 'A1 Pacifics', 'value': 'PRODUCT'}]","[{'text': 'A1 Pacifics', 'value': 'PRODUCT'}, {'text': 'A2 Pacifics', 'value': 'PRODUCT'}]","[{'text': 'A1 Pacifics', 'value': 'PRODUCT'}]","[{'text': 'A1 Pacifics', 'value': 'PRODUCT'}, {'text': 'A2 Pacifics', 'value': 'PRODUCT'}]"
35,"Conway is the hub of operations for Norfolk Southern in the Greater Pittsburgh area, featuring a hump yard and a crew change point for virtually all Pittsburgh and Fort Wayne Line trains.","Conway is the hub of operations for Norfolk Southern in the Greater Pittsburgh and Greater Philadelphia area, featuring a hump yard and a crew change point for virtually all Pittsburgh and Fort Wayne Line trains.","[{'text': 'Conway', 'value': 'LOCATION'}, {'text': 'Norfolk Southern', 'value': 'LOCATION'}, {'text': 'Greater Pittsburgh', 'value': 'LOCATION'}, {'text': 'Pittsburgh', 'value': 'LOCATION'}, {'text': 'Fort Wayne Line', 'value': 'LOCATION'}]","[{'text': 'Conway', 'value': 'LOCATION'}, {'text': 'Norfolk Southern', 'value': 'LOCATION'}, {'text': 'Greater Pittsburgh', 'value': 'LOCATION'}, {'text': 'Greater Philadelphia', 'value': 'LOCATION'}, {'text': 'Pittsburgh', 'value': 'LOCATION'}, {'text': 'Fort Wayne Line', 'value': 'LOCATION'}]","[{'text': 'Conway', 'value': 'LOCATION'}, {'text': 'Norfolk Southern', 'value': 'ORGANIZATION'}, {'text': 'Pittsburgh', 'value': 'LOCATION'}, {'text': 'Pittsburgh', 'value': 'LOCATION'}, {'text': 'Fort Wayne Line', 'value': 'LOCATION'}]","[{'text': 'Conway', 'value': 'LOCATION'}, {'text': 'Norfolk Southern', 'value': 'ORGANIZATION'}, {'text': 'Greater', 'value': 'LOCATION'}, {'text': 'Pittsburgh', 'value': 'LOCATION'}, {'text': 'Greater', 'value': 'LOCATION'}, {'text': 'Philadelphia', 'value': 'LOCATION'}, {'text': 'Pittsburgh', 'value': 'LOCATION'}, {'text': 'Fort Wayne Line', 'value': 'LOCATION'}]"
36,Gonu caused strong gusty winds and torrential rainfall along Pakistan's Arabian Sea coast from Karachi to Gwadar.,Gonu caused strong gusty winds and torrential rainfall along Pakistan's Arabian Sea coast from Karachi to Gwadar and Muscat.,"[{'text': 'Gonu', 'value': 'EVENT'}, {'text': ""Pakistan 's Arabian Sea coast"", 'value': 'LOCATION'}, {'text': 'Karachi', 'value': 'LOCATION'}, {'text': 'Gwadar', 'value': 'LOCATION'}]","[{'text': 'Gonu', 'value': 'EVENT'}, {'text': ""Pakistan 's Arabian Sea coast"", 'value': 'LOCATION'}, {'text': 'Karachi', 'value': 'LOCATION'}, {'text': 'Gwadar', 'value': 'LOCATION'}, {'text': 'Muscat', 'value': 'LOCATION'}]","[{'text': 'Gonu', 'value': 'PERSON'}, {'text': ""Pakistan 's Arabian Sea"", 'value': 'LOCATION'}, {'text': 'Karachi', 'value': 'LOCATION'}, {'text': 'Gwadar', 'value': 'LOCATION'}]","[{'text': 'Gonu', 'value': 'PERSON'}, {'text': ""Pakistan 's Arabian Sea"", 'value': 'LOCATION'}, {'text': 'Karachi', 'value': 'LOCATION'}, {'text': 'Gwadar', 'value': 'LOCATION'}, {'text': 'Muscat', 'value': 'LOCATION'}]"
67,USP42 has also been shown to deubiquitinate p53 and may be required for the ability of p53 to respond to stress.,USP42 has also been shown to deubiquitinate p53 and MDM2 and may be required for the ability of p53 to respond to stress.,"[{'text': 'USP42', 'value': 'OTHER'}, {'text': 'p53', 'value': 'OTHER'}, {'text': 'p53', 'value': 'OTHER'}]","[{'text': 'USP42', 'value': 'OTHER'}, {'text': 'p53', 'value': 'OTHER'}, {'text': 'MDM2', 'value': 'OTHER'}, {'text': 'p53', 'value': 'OTHER'}]","[{'text': 'USP42', 'value': 'OTHER'}, {'text': 'p53', 'value': 'OTHER'}, {'text': 'p53', 'value': 'OTHER'}]","[{'text': 'USP42', 'value': 'OTHER'}, {'text': 'p53', 'value': 'OTHER'}, {'text': 'MDM2', 'value': 'OTHER'}, {'text': 'p53', 'value': 'OTHER'}]"
63,"Her brother ran unsuccessfully for the United States House of Representatives from upstate New York, in 1992 and 1994.","Her brother and his campaign team ran unsuccessfully for the United States House of Representatives from upstate New York, in 1992 and 1994.","[{'text': 'United States House of Representatives', 'value': 'ORGANIZATION'}, {'text': 'New York', 'value': 'LOCATION'}]","[{'text': 'his campaign team', 'value': 'OTHER'}, {'text': 'United States House of Representatives', 'value': 'ORGANIZATION'}, {'text': 'New York', 'value': 'LOCATION'}]","[{'text': 'United States House of Representatives', 'value': 'ORGANIZATION'}, {'text': 'New York', 'value': 'LOCATION'}]","[{'text': 'United States House of Representatives', 'value': 'ORGANIZATION'}, {'text': 'New York', 'value': 'LOCATION'}]"
63,"Her brother ran unsuccessfully for the United States House of Representatives from upstate New York, in 1992 and 1994.","Her brother ran unsuccessfully for the United States House of Representatives from upstate New York and Vermont, in 1992 and 1994.","[{'text': 'United States House of Representatives', 'value': 'ORGANIZATION'}, {'text': 'New York', 'value': 'LOCATION'}]","[{'text': 'United States House of Representatives', 'value': 'ORGANIZATION'}, {'text': 'New York', 'value': 'LOCATION'}, {'text': 'Vermont', 'value': 'LOCATION'}]","[{'text': 'United States House of Representatives', 'value': 'ORGANIZATION'}, {'text': 'New York', 'value': 'LOCATION'}]","[{'text': 'United States House of Representatives', 'value': 'ORGANIZATION'}, {'text': 'New York', 'value': 'LOCATION'}, {'text': 'Vermont', 'value': 'LOCATION'}]"
60,It was founded as a spin-off of Murphy Oil in 2013.,It was founded as a spin-off of Murphy Oil and ExxonMobil in 2013.,"[{'text': 'Murphy Oil', 'value': 'ORGANIZATION'}]","[{'text': 'Murphy Oil', 'value': 'ORGANIZATION'}, {'text': 'ExxonMobil', 'value': 'ORGANIZATION'}]","[{'text': 'Murphy Oil', 'value': 'ORGANIZATION'}]","[{'text': 'Murphy Oil', 'value': 'ORGANIZATION'}, {'text': 'ExxonMobil', 'value': 'ORGANIZATION'}]"
62,"At a festival, Siddhi saves Vin from being shot at by Rudra.","At a festival, Siddhi and Anjali save Vin from being shot at by Rudra.","[{'text': 'Siddhi', 'value': 'PERSON'}, {'text': 'Vin', 'value': 'PERSON'}, {'text': 'Rudra', 'value': 'PERSON'}]","[{'text': 'Siddhi', 'value': 'PERSON'}, {'text': 'Anjali', 'value': 'PERSON'}, {'text': 'Vin', 'value': 'PERSON'}, {'text': 'Rudra', 'value': 'PERSON'}]","[{'text': 'Siddhi', 'value': 'PERSON'}, {'text': 'Vin', 'value': 'PERSON'}, {'text': 'Rudra', 'value': 'PERSON'}]","[{'text': 'Siddhi', 'value': 'PERSON'}, {'text': 'Anjali', 'value': 'PERSON'}, {'text': 'Vin', 'value': 'PERSON'}, {'text': 'Rudra', 'value': 'PERSON'}]"
51,"Jamil was married to the daughter of Khalid Bakdash, a Syrian politician who was the Secretary-General of the Syrian Communist Party and the first communist to be an elected member of an Arab parliament in 1954.","Jamil was married to the daughter of Khalid Bakdash, a Syrian politician who was the Secretary-General of the Syrian Communist Party and the first communist to be an elected member of an Arab and European parliament in 1954.","[{'text': 'Jamil', 'value': 'PERSON'}, {'text': 'Khalid Bakdash', 'value': 'PERSON'}, {'text': 'Syrian', 'value': 'LOCATIONN'}, {'text': 'Syrian Communist Party', 'value': 'ORGANIZATION'}, {'text': 'Arab', 'value': 'LOCATION'}]","[{'text': 'Jamil', 'value': 'PERSON'}, {'text': 'Khalid Bakdash', 'value': 'PERSON'}, {'text': 'Syrian', 'value': 'LOCATIONN'}, {'text': 'Syrian Communist Party', 'value': 'ORGANIZATION'}, {'text': 'Arab', 'value': 'LOCATION'}, {'text': 'European', 'value': 'LOCATION'}]","[{'text': 'Jamil', 'value': 'PERSON'}, {'text': 'Khalid Bakdash', 'value': 'PERSON'}, {'text': 'Syrian', 'value': 'LOCATION'}, {'text': 'Syrian Communist Party', 'value': 'ORGANIZATION'}, {'text': 'Arab', 'value': 'LOCATION'}]","[{'text': 'Jamil', 'value': 'PERSON'}, {'text': 'Khalid Bakdash', 'value': 'PERSON'}, {'text': 'Syrian', 'value': 'LOCATION'}, {'text': 'Syrian Communist Party', 'value': 'ORGANIZATION'}, {'text': 'Arab', 'value': 'LOCATION'}, {'text': 'European', 'value': 'LOCATION'}]"
65,"Loyalists recruited from Queens County, New York by Lieutenant Colonel Richard Hewlett for the 3rd battalion DeLancey's Brigade had established a fortified position in early August on the central north shore of Long Island at Setauket, just across Long Island Sound from Fairfield.","Loyalists recruited from Queens County and Kings County, New York by Lieutenant Colonel Richard Hewlett for the 3rd battalion DeLancey's Brigade had established a fortified position in early August on the central north shore of Long Island at Setauket, just across Long Island Sound from Fairfield.","[{'text': 'Queens County', 'value': 'LOCATION'}, {'text': 'New York', 'value': 'LOCATION'}, {'text': 'Richard Hewlett', 'value': 'PERSON'}, {'text': ""DeLancey 's Brigade"", 'value': 'ORGANIZATION'}, {'text': 'Long Island', 'value': 'LOCATION'}, {'text': 'Setauket', 'value': 'LOCATION'}, {'text': 'Long Island Sound', 'value': 'LOCATION'}, {'text': 'Fairfield', 'value': 'LOCATION'}]","[{'text': 'Queens County', 'value': 'LOCATION'}, {'text': 'Kings County', 'value': 'LOCATION'}, {'text': 'New York', 'value': 'LOCATION'}, {'text': 'Richard Hewlett', 'value': 'PERSON'}, {'text': ""DeLancey 's Brigade"", 'value': 'ORGANIZATION'}, {'text': 'Long Island', 'value': 'LOCATION'}, {'text': 'Setauket', 'value': 'LOCATION'}, {'text': 'Long Island Sound', 'value': 'LOCATION'}, {'text': 'Fairfield', 'value': 'LOCATION'}]","[{'text': 'Queens County', 'value': 'LOCATION'}, {'text': 'New York', 'value': 'LOCATION'}, {'text': 'Richard Hewlett', 'value': 'PERSON'}, {'text': ""3rd battalion DeLancey 's Brigade"", 'value': 'ORGANIZATION'}, {'text': 'Long Island', 'value': 'LOCATION'}, {'text': 'Setauket', 'value': 'LOCATION'}, {'text': 'Long Island Sound', 'value': 'LOCATION'}, {'text': 'Fairfield', 'value': 'LOCATION'}]","[{'text': 'Queens County', 'value': 'LOCATION'}, {'text': 'Kings County', 'value': 'LOCATION'}, {'text': 'New York', 'value': 'LOCATION'}, {'text': 'Richard Hewlett', 'value': 'PERSON'}, {'text': ""3rd battalion DeLancey 's Brigade"", 'value': 'ORGANIZATION'}, {'text': 'Long Island', 'value': 'LOCATION'}, {'text': 'Setauket', 'value': 'LOCATION'}, {'text': 'Long Island Sound', 'value': 'LOCATION'}, {'text': 'Fairfield', 'value': 'LOCATION'}]"
54,This collection contains material relating to sexual health issues from 1974-2007.,This collection showcases and contains material relating to sexual health issues from 1974-2007.,[],"[{'text': 'This collection', 'value': 'NON-ENTITY'}]",[],[]
