Unnamed: 0,text,modified_label,modified_pred,original_text,original_pred,original_label,type
0,"Genre classics are focused on by Back to Basics, with older movies and underground cult films being shown, and with occasional stabs at mainstream and newer genre pieces.","[{'text': 'Back to Basics', 'label': 'ORGANIZATION'}]","[{'text': 'Back to Basics', 'label': 'ORGANIZATION'}]","Back to Basics focuses on genre classics, showing older movies and underground cult films, with occasional stabs at mainstream and newer genre pieces.",[],"[{'text': 'Back to Basics', 'label': 'ORGANIZATION'}]",
1,"A fortified position was established by Loyalists recruited from Queens County, New York by Lieutenant Colonel Richard Hewlett for the 3rd battalion DeLancey's Brigade in early August on the central north shore of Long Island at Setauket, just across Long Island Sound from Fairfield.","[{'text': ""DeLancey's Brigade"", 'label': 'ORGANIZATION'}, {'text': 'Fairfield', 'label': 'LOCATION'}, {'text': 'Long Island', 'label': 'LOCATION'}, {'text': 'Long Island Sound', 'label': 'LOCATION'}, {'text': 'New York', 'label': 'LOCATION'}, {'text': 'Queens County', 'label': 'LOCATION'}, {'text': 'Richard Hewlett', 'label': 'PERSON'}, {'text': 'Setauket', 'label': 'LOCATION'}]","[{'text': ""3rd battalion DeLancey's Brigade"", 'label': 'ORGANIZATION'}, {'text': 'Fairfield', 'label': 'LOCATION'}, {'text': 'Lieutenant Colonel Richard Hewlett', 'label': 'PERSON'}, {'text': 'Long Island', 'label': 'LOCATION'}, {'text': 'Long Island Sound', 'label': 'LOCATION'}, {'text': 'Queens County, New York', 'label': 'LOCATION'}, {'text': 'Setauket', 'label': 'LOCATION'}]","Loyalists recruited from Queens County, New York by Lieutenant Colonel Richard Hewlett for the 3rd battalion DeLancey's Brigade had established a fortified position in early August on the central north shore of Long Island at Setauket, just across Long Island Sound from Fairfield.","[{'text': ""3rd battalion DeLancey's Brigade"", 'label': 'ORGANIZATION'}, {'text': 'Fairfield', 'label': 'LOCATION'}, {'text': 'Lieutenant Colonel Richard Hewlett', 'label': 'PERSON'}, {'text': 'Long Island', 'label': 'LOCATION'}, {'text': 'Long Island Sound', 'label': 'LOCATION'}, {'text': 'New York', 'label': 'LOCATION'}, {'text': 'Queens County', 'label': 'LOCATION'}, {'text': 'Setauket', 'label': 'LOCATION'}]","[{'text': ""DeLancey's Brigade"", 'label': 'ORGANIZATION'}, {'text': 'Fairfield', 'label': 'LOCATION'}, {'text': 'Long Island', 'label': 'LOCATION'}, {'text': 'Long Island Sound', 'label': 'LOCATION'}, {'text': 'New York', 'label': 'LOCATION'}, {'text': 'Queens County', 'label': 'LOCATION'}, {'text': 'Richard Hewlett', 'label': 'PERSON'}, {'text': 'Setauket', 'label': 'LOCATION'}]",
2,"Remixes of ``Like It or Not`` and ``Tearing Me Up`` were featured on the album from artists like A-Trak, RAC, Joris Voorn, and Tale of Us.","[{'text': 'A-Trak', 'label': 'PERSON'}, {'text': 'Joris Voorn', 'label': 'PERSON'}, {'text': 'Like It or Not', 'label': 'ART'}, {'text': 'RAC', 'label': 'PERSON'}, {'text': 'Tale of Us', 'label': 'PERSON'}, {'text': 'Tearing Me Up', 'label': 'ART'}]","[{'text': 'A-Trak', 'label': 'PERSON'}, {'text': 'Joris Voorn', 'label': 'PERSON'}, {'text': 'Like It or Not', 'label': 'ART'}, {'text': 'RAC', 'label': 'ORGANIZATION'}, {'text': 'Tale of Us', 'label': 'ORGANIZATION'}, {'text': 'Tearing Me Up', 'label': 'ART'}]","The album featured remixes of ``Like It or Not`` and ``Tearing Me Up`` from artists like A-Trak, RAC, Joris Voorn, and Tale of Us.","[{'text': 'A-Trak', 'label': 'PERSON'}, {'text': 'Joris Voorn', 'label': 'PERSON'}, {'text': 'RAC', 'label': 'ORGANIZATION'}, {'text': 'Tale of Us', 'label': 'ORGANIZATION'}]","[{'text': 'A-Trak', 'label': 'PERSON'}, {'text': 'Joris Voorn', 'label': 'PERSON'}, {'text': 'Like It or Not', 'label': 'ART'}, {'text': 'RAC', 'label': 'PERSON'}, {'text': 'Tale of Us', 'label': 'PERSON'}, {'text': 'Tearing Me Up', 'label': 'ART'}]",
3,In 1955 an early model of the Boeing B-52 Stratofortress began to be received and upgrades to various models were made over the next 40 years.,"[{'text': 'Boeing B-52', 'label': 'PRODUCT'}]","[{'text': 'Boeing B-52 Stratofortress', 'label': 'PRODUCT'}]",In 1955 it began receiving an early model of the Boeing B-52 Stratofortress and upgraded to various models over the next 40 years.,"[{'text': 'Boeing B-52 Stratofortress', 'label': 'PRODUCT'}]","[{'text': 'Boeing B-52', 'label': 'PRODUCT'}]",
4,"The game was praised by Allistair Pinsof of ``Destructoid``, who said the controls were as good as those of ``Super Metroid`` and ``Super Castlevania IV.''","[{'text': 'Allistair Pinsof', 'label': 'PERSON'}, {'text': 'Destructoid', 'label': 'ORGANIZATION'}, {'text': 'Super Castlevania IV', 'label': 'PRODUCT'}, {'text': 'Super Metroid', 'label': 'PRODUCT'}]","[{'text': 'Allistair Pinsof', 'label': 'PERSON'}, {'text': 'Destructoid', 'label': 'ORGANIZATION'}, {'text': 'Super Castlevania IV', 'label': 'PRODUCT'}, {'text': 'Super Metroid', 'label': 'PRODUCT'}]","Allistair Pinsof of ``Destructoid``, praised the game, saying the controls were as good as that of ``Super Metroid`` and ``Super Castlevania IV.''","[{'text': 'Allistair Pinsof', 'label': 'PERSON'}, {'text': 'Destructoid', 'label': 'ORGANIZATION'}, {'text': 'Super Castlevania IV', 'label': 'PRODUCT'}, {'text': 'Super Metroid', 'label': 'PRODUCT'}]","[{'text': 'Allistair Pinsof', 'label': 'PERSON'}, {'text': 'Destructoid', 'label': 'ORGANIZATION'}, {'text': 'Super Castlevania IV', 'label': 'PRODUCT'}, {'text': 'Super Metroid', 'label': 'PRODUCT'}]",
5,"However, in 1861 the obstacle to political change was removed by the prospect of secession by southern states after the 1860 presidential election.",[],"[{'text': '1860 presidential election', 'label': 'EVENT'}, {'text': '1861', 'label': 'EVENT'}, {'text': 'southern states', 'label': 'LOCATION'}]","However, in 1861 the prospect of secession by southern states after the 1860 presidential election removed this obstacle to political change.","[{'text': '1860 presidential election', 'label': 'EVENT'}, {'text': '1861', 'label': 'EVENT'}, {'text': 'southern states', 'label': 'LOCATION'}]",[],
6,"According to Steak' n Shake archives, a trademark on the word was applied for by the restaurant's founder, Gus Belt, in the 1930s.","[{'text': 'Gus Belt', 'label': 'PERSON'}, {'text': ""Steak' n Shake"", 'label': 'ART'}]","[{'text': 'Gus Belt', 'label': 'PERSON'}, {'text': ""Steak' n Shake"", 'label': 'ORGANIZATION'}]","According to Steak' n Shake archives, the restaurant's founder, Gus Belt, applied for a trademark on the word in the 1930s.","[{'text': 'Gus Belt', 'label': 'PERSON'}, {'text': ""Steak' n Shake"", 'label': 'ORGANIZATION'}]","[{'text': 'Gus Belt', 'label': 'PERSON'}, {'text': ""Steak' n Shake"", 'label': 'ART'}]",
7,Several features from a batch of A1 Pacifics that had been built in 1924 were used.,"[{'text': 'A1 Pacifics', 'label': 'PRODUCT'}]","[{'text': '1924', 'label': 'EVENT'}, {'text': 'A1 Pacifics', 'label': 'PRODUCT'}]",They used several features from a batch of A1 Pacifics they had built in 1924.,"[{'text': 'A1 Pacifics', 'label': 'PRODUCT'}]","[{'text': 'A1 Pacifics', 'label': 'PRODUCT'}]",
8,"The story had been adapted to the stage in 1939 at the Martin Beck Theater to great acclaim, but was only run for six performances because the production proved to be expensive.","[{'text': 'Martin Beck Theater', 'label': 'BUILDING'}]","[{'text': '1939', 'label': 'EVENT'}, {'text': 'Martin Beck Theater', 'label': 'BUILDING'}]","The story had been adapted to the stage in 1939 at the Martin Beck Theater to great acclaim, but only ran for six performances because the production proved to be expensive.","[{'text': '1939', 'label': 'EVENT'}, {'text': 'Martin Beck Theater', 'label': 'BUILDING'}]","[{'text': 'Martin Beck Theater', 'label': 'BUILDING'}]",
9,An unsuccessful run for the United States House of Representatives from upstate New York was made by her brother in 1992 and 1994.,"[{'text': 'New York', 'label': 'LOCATION'}, {'text': 'United States House of Representatives', 'label': 'ORGANIZATION'}]","[{'text': '1992', 'label': 'EVENT'}, {'text': '1994', 'label': 'EVENT'}, {'text': 'United States House of Representatives', 'label': 'ORGANIZATION'}, {'text': 'upstate New York', 'label': 'LOCATION'}]","Her brother ran unsuccessfully for the United States House of Representatives from upstate New York, in 1992 and 1994.","[{'text': '1992', 'label': 'EVENT'}, {'text': '1994', 'label': 'EVENT'}, {'text': 'United States House of Representatives', 'label': 'ORGANIZATION'}, {'text': 'upstate New York', 'label': 'LOCATION'}]","[{'text': 'New York', 'label': 'LOCATION'}, {'text': 'United States House of Representatives', 'label': 'ORGANIZATION'}]",
10,"The peasantry was also aggrieved, and between 1846 and 1848 opposition to Sturdza was intensified.","[{'text': 'Sturdza', 'label': 'PERSON'}]","[{'text': 'Sturdza', 'label': 'PERSON'}]","The peasantry was also aggrieved, and between 1846 and 1848 opposition to Sturdza intensified.","[{'text': 'Sturdza', 'label': 'PERSON'}]","[{'text': 'Sturdza', 'label': 'PERSON'}]",
11,"Furthermore, reasonable legal costs were offered to be paid by the SFO.","[{'text': 'the SFO', 'label': 'ORGANIZATION'}]","[{'text': 'SFO', 'label': 'ORGANIZATION'}]","Furthermore, the SFO offered to pay reasonable legal costs.","[{'text': 'SFO', 'label': 'ORGANIZATION'}]","[{'text': 'the SFO', 'label': 'ORGANIZATION'}]",
12,"A Bachelor of Music in Composition was obtained by Dorsa from California State University, Northridge in 2001, a Master of Music in Harpsichord Performance was obtained at Cal State Northridge in 2004, and a Doctor of Musical Arts was obtained at the University of Michigan, Ann Arbor in 2008.","[{'text': 'Ann Arbor', 'label': 'LOCATION'}, {'text': 'Bachelor of Music', 'label': 'OTHER'}, {'text': 'Cal State Northridge', 'label': 'ORGANIZATION'}, {'text': 'California State University, Northridge', 'label': 'ORGANIZATION'}, {'text': 'Doctor of Musical Arts', 'label': 'OTHER'}, {'text': 'Dorsa', 'label': 'PERSON'}, {'text': 'Master of Music', 'label': 'OTHER'}, {'text': 'University of Michigan', 'label': 'ORGANIZATION'}]","[{'text': 'Cal State Northridge', 'label': 'ORGANIZATION'}, {'text': 'California State University, Northridge', 'label': 'ORGANIZATION'}, {'text': 'Dorsa', 'label': 'PERSON'}, {'text': 'University of Michigan, Ann Arbor', 'label': 'ORGANIZATION'}]","Dorsa has a Bachelor of Music in Composition from California State University, Northridge in 2001, Master of Music in Harpsichord Performance at Cal State Northridge in 2004, and a Doctor of Musical Arts at the University of Michigan, Ann Arbor in 2008.","[{'text': 'Cal State Northridge', 'label': 'ORGANIZATION'}, {'text': 'California State University, Northridge', 'label': 'ORGANIZATION'}, {'text': 'Dorsa', 'label': 'PERSON'}, {'text': 'University of Michigan, Ann Arbor', 'label': 'ORGANIZATION'}]","[{'text': 'Ann Arbor', 'label': 'LOCATION'}, {'text': 'Bachelor of Music', 'label': 'OTHER'}, {'text': 'Cal State Northridge', 'label': 'ORGANIZATION'}, {'text': 'California State University, Northridge', 'label': 'ORGANIZATION'}, {'text': 'Doctor of Musical Arts', 'label': 'OTHER'}, {'text': 'Dorsa', 'label': 'PERSON'}, {'text': 'Master of Music', 'label': 'OTHER'}, {'text': 'University of Michigan', 'label': 'ORGANIZATION'}]",
13,"Dublin is also served by Weston Airport and other small facilities, by a range of helicopter operators, and Casement Aerodrome nearby is used by the military and some State services.","[{'text': 'Casement Aerodrome', 'label': 'BUILDING'}, {'text': 'Dublin', 'label': 'LOCATION'}, {'text': 'Weston Airport', 'label': 'BUILDING'}]","[{'text': 'Casement Aerodrome', 'label': 'LOCATION'}, {'text': 'Dublin', 'label': 'LOCATION'}, {'text': 'Weston Airport', 'label': 'LOCATION'}]","Dublin is also served by Weston Airport and other small facilities, by a range of helicopter operators, and the military and some State services use Casement Aerodrome nearby.","[{'text': 'Casement Aerodrome', 'label': 'BUILDING'}, {'text': 'Dublin', 'label': 'LOCATION'}, {'text': 'Weston Airport', 'label': 'BUILDING'}]","[{'text': 'Casement Aerodrome', 'label': 'BUILDING'}, {'text': 'Dublin', 'label': 'LOCATION'}, {'text': 'Weston Airport', 'label': 'BUILDING'}]",
14,The album was also released by Argentina's Del Imaginario Discos in 2007.,"[{'text': 'Argentina', 'label': 'LOCATION'}, {'text': 'Del Imaginario Discos', 'label': 'ORGANIZATION'}]","[{'text': '2007', 'label': 'OTHER'}, {'text': 'Argentina', 'label': 'LOCATION'}, {'text': 'Del Imaginario Discos', 'label': 'ORGANIZATION'}]",Argentina's Del Imaginario Discos also released the album in 2007.,"[{'text': 'Argentina', 'label': 'LOCATION'}, {'text': 'Del Imaginario Discos', 'label': 'ORGANIZATION'}]","[{'text': 'Argentina', 'label': 'LOCATION'}, {'text': 'Del Imaginario Discos', 'label': 'ORGANIZATION'}]",
15,"The 8th legislative district in Omaha, consisting of the midtown neighborhoods of Dundee, Benson, and Keystone, is represented by Hunt.","[{'text': 'Benson', 'label': 'LOCATION'}, {'text': 'Dundee', 'label': 'LOCATION'}, {'text': 'Hunt', 'label': 'PERSON'}, {'text': 'Keystone', 'label': 'LOCATION'}, {'text': 'Omaha', 'label': 'LOCATION'}]","[{'text': '8th legislative district', 'label': 'LOCATION'}, {'text': 'Benson', 'label': 'LOCATION'}, {'text': 'Dundee', 'label': 'LOCATION'}, {'text': 'Hunt', 'label': 'PERSON'}, {'text': 'Keystone', 'label': 'LOCATION'}, {'text': 'Omaha', 'label': 'LOCATION'}]","Hunt represents the 8th legislative district in Omaha, consisting of the midtown neighborhoods of Dundee, Benson, and Keystone.","[{'text': '8th legislative district', 'label': 'LOCATION'}, {'text': 'Benson', 'label': 'LOCATION'}, {'text': 'Dundee', 'label': 'LOCATION'}, {'text': 'Hunt', 'label': 'PERSON'}, {'text': 'Keystone', 'label': 'LOCATION'}, {'text': 'Omaha', 'label': 'LOCATION'}]","[{'text': 'Benson', 'label': 'LOCATION'}, {'text': 'Dundee', 'label': 'LOCATION'}, {'text': 'Hunt', 'label': 'PERSON'}, {'text': 'Keystone', 'label': 'LOCATION'}, {'text': 'Omaha', 'label': 'LOCATION'}]",
16,"The foundation of the Bavarian Academy of Sciences and Humanities was led by Maximilian III Joseph, Elector of Bavaria on 28 March 1759.","[{'text': 'Bavarian Academy of Sciences and Humanities', 'label': 'ORGANIZATION'}, {'text': 'Maximilian III Joseph, Elector of Bavaria', 'label': 'PERSON'}]","[{'text': '28 March 1759', 'label': 'EVENT'}, {'text': 'Bavarian Academy of Sciences and Humanities', 'label': 'ORGANIZATION'}, {'text': 'Elector of Bavaria', 'label': 'OTHER'}, {'text': 'Maximilian III Joseph', 'label': 'PERSON'}]","This led to the foundation by Maximilian III Joseph, Elector of Bavaria of the Bavarian Academy of Sciences and Humanities on 28 March 1759.","[{'text': '28 March 1759', 'label': 'EVENT'}, {'text': 'Bavarian Academy of Sciences and Humanities', 'label': 'ORGANIZATION'}, {'text': 'Elector of Bavaria', 'label': 'OTHER'}, {'text': 'Maximilian III Joseph', 'label': 'PERSON'}]","[{'text': 'Bavarian Academy of Sciences and Humanities', 'label': 'ORGANIZATION'}, {'text': 'Maximilian III Joseph, Elector of Bavaria', 'label': 'PERSON'}]",
17,Strong gusty winds and torrential rainfall were caused by Gonu along Pakistan's Arabian Sea coast from Karachi to Gwadar.,"[{'text': 'Gonu', 'label': 'EVENT'}, {'text': 'Gwadar', 'label': 'LOCATION'}, {'text': 'Karachi', 'label': 'LOCATION'}, {'text': ""Pakistan's Arabian Sea coast"", 'label': 'LOCATION'}]","[{'text': 'Arabian Sea', 'label': 'LOCATION'}, {'text': 'Gonu', 'label': 'EVENT'}, {'text': 'Gwadar', 'label': 'LOCATION'}, {'text': 'Karachi', 'label': 'LOCATION'}, {'text': 'Pakistan', 'label': 'LOCATION'}]",Gonu caused strong gusty winds and torrential rainfall along Pakistan's Arabian Sea coast from Karachi to Gwadar.,"[{'text': 'Arabian Sea', 'label': 'LOCATION'}, {'text': 'Gonu', 'label': 'EVENT'}, {'text': 'Gwadar', 'label': 'LOCATION'}, {'text': 'Karachi', 'label': 'LOCATION'}, {'text': 'Pakistan', 'label': 'LOCATION'}]","[{'text': 'Gonu', 'label': 'EVENT'}, {'text': 'Gwadar', 'label': 'LOCATION'}, {'text': 'Karachi', 'label': 'LOCATION'}, {'text': ""Pakistan's Arabian Sea coast"", 'label': 'LOCATION'}]",
18,Kim Fowley and the BMX Bandits (band) Receiver Records' album ``Hidden Agenda At the Thirteenth Not`` was produced by him.,"[{'text': 'BMX Bandits', 'label': 'ORGANIZATION'}, {'text': 'Hidden Agenda At the Thirteenth Not', 'label': 'ART'}, {'text': 'Kim Fowley', 'label': 'PERSON'}, {'text': 'Receiver Records', 'label': 'ORGANIZATION'}]","[{'text': 'BMX Bandits', 'label': 'ORGANIZATION'}, {'text': 'Hidden Agenda At the Thirteenth Not', 'label': 'ART'}, {'text': 'Kim Fowley', 'label': 'PERSON'}, {'text': 'Receiver Records', 'label': 'ORGANIZATION'}]",He went on to produce Kim Fowley and the BMX Bandits (band) Receiver Records' album ``Hidden Agenda At the Thirteenth Not``.,"[{'text': 'BMX Bandits', 'label': 'ORGANIZATION'}, {'text': 'Hidden Agenda At the Thirteenth Not', 'label': 'PRODUCT'}, {'text': 'Kim Fowley', 'label': 'PERSON'}, {'text': 'Receiver Records', 'label': 'ORGANIZATION'}]","[{'text': 'BMX Bandits', 'label': 'ORGANIZATION'}, {'text': 'Hidden Agenda At the Thirteenth Not', 'label': 'ART'}, {'text': 'Kim Fowley', 'label': 'PERSON'}, {'text': 'Receiver Records', 'label': 'ORGANIZATION'}]",
19,"In prose, ``Gayachintamani`` and ``Kshatrachudamini`` were written by his pupil Vadeebhasimha, based on poet Banas' ``Kadambari``, and ``Charitarasara`` was written by minister Chavundaraya.","[{'text': 'Banas', 'label': 'PERSON'}, {'text': 'Charitarasara', 'label': 'ART'}, {'text': 'Chavundaraya', 'label': 'PERSON'}, {'text': 'Gayachintamani', 'label': 'ART'}, {'text': 'Kadambari', 'label': 'ART'}, {'text': 'Kshatrachudamini', 'label': 'ART'}, {'text': 'Vadeebhasimha', 'label': 'PERSON'}]","[{'text': 'Banas', 'label': 'PERSON'}, {'text': 'Charitarasara', 'label': 'ART'}, {'text': 'Chavundaraya', 'label': 'PERSON'}, {'text': 'Gayachintamani', 'label': 'ART'}, {'text': 'Kadambari', 'label': 'ART'}, {'text': 'Kshatrachudamini', 'label': 'ART'}, {'text': 'Vadeebhasimha', 'label': 'PERSON'}]",His pupil Vadeebhasimha wrote in prose ``Gayachintamani`` and ``Kshatrachudamini`` based on poet Banas ``Kadambari`` and minister Chavundaraya wrote ``Charitarasara``.,"[{'text': 'Banas', 'label': 'PERSON'}, {'text': 'Charitarasara', 'label': 'ART'}, {'text': 'Chavundaraya', 'label': 'PERSON'}, {'text': 'Gayachintamani', 'label': 'ART'}, {'text': 'Kadambari', 'label': 'ART'}, {'text': 'Kshatrachudamini', 'label': 'ART'}, {'text': 'Vadeebhasimha', 'label': 'PERSON'}]","[{'text': 'Banas', 'label': 'PERSON'}, {'text': 'Charitarasara', 'label': 'ART'}, {'text': 'Chavundaraya', 'label': 'PERSON'}, {'text': 'Gayachintamani', 'label': 'ART'}, {'text': 'Kadambari', 'label': 'ART'}, {'text': 'Kshatrachudamini', 'label': 'ART'}, {'text': 'Vadeebhasimha', 'label': 'PERSON'}]",
20,A state funeral and a day of national mourning were announced by the government.,[],"[{'text': 'day of national mourning', 'label': 'EVENT'}, {'text': 'government', 'label': 'ORGANIZATION'}, {'text': 'state funeral', 'label': 'EVENT'}]",The government announced a state funeral and a day of national mourning.,"[{'text': 'day of national mourning', 'label': 'EVENT'}, {'text': 'state funeral', 'label': 'EVENT'}]",[],
21,"After the end of the Civil War, Young was excluded from President Andrew Johns's amnesty proclamation.","[{'text': 'Andrew Johns', 'label': 'PERSON'}, {'text': 'Civil War', 'label': 'EVENT'}, {'text': 'Young', 'label': 'PERSON'}]","[{'text': 'Civil War', 'label': 'EVENT'}, {'text': 'President Andrew Johns', 'label': 'PERSON'}, {'text': 'Young', 'label': 'PERSON'}]","After the end of the Civil War, Young was excluded from President Andrew Johns on's amnesty proclamation.","[{'text': 'Civil War', 'label': 'EVENT'}, {'text': 'President Andrew Johnson', 'label': 'PERSON'}, {'text': 'Young', 'label': 'PERSON'}]","[{'text': 'Andrew Johns', 'label': 'PERSON'}, {'text': 'Civil War', 'label': 'EVENT'}, {'text': 'Young', 'label': 'PERSON'}]",
22,"Shiva is denoted as ``Lord of Ganesha`` by the name ``Ganapatishvara``, which also gives the town its alternate name ``Ganapatishvaram``, and it is alluded to the legend that a demon was killed by Ganesha and then his father Shiva was worshipped here.","[{'text': 'Ganapatishvara', 'label': 'OTHER'}, {'text': 'Ganapatishvaram', 'label': 'OTHER'}, {'text': 'Ganesha', 'label': 'OTHER'}, {'text': 'Lord of Ganesha', 'label': 'OTHER'}, {'text': 'Shiva', 'label': 'OTHER'}, {'text': 'Shiva', 'label': 'OTHER'}]","[{'text': 'Ganapatishvara', 'label': 'OTHER'}, {'text': 'Ganapatishvaram', 'label': 'LOCATION'}, {'text': 'Ganesha', 'label': 'PERSON'}, {'text': 'Lord of Ganesha', 'label': 'OTHER'}, {'text': 'Shiva', 'label': 'PERSON'}]","The name ``Ganapatishvara``, which also gives the town its alternate name ``Ganapatishvaram``, denotes Shiva as ``Lord of Ganesha`` and alludes to the legend that Ganesha killed a demon and then worshipped his father Shiva here.","[{'text': 'Ganapatishvara', 'label': 'OTHER'}, {'text': 'Ganapatishvaram', 'label': 'LOCATION'}, {'text': 'Ganesha', 'label': 'PERSON'}, {'text': 'Shiva', 'label': 'PERSON'}]","[{'text': 'Ganapatishvara', 'label': 'OTHER'}, {'text': 'Ganapatishvaram', 'label': 'OTHER'}, {'text': 'Ganesha', 'label': 'OTHER'}, {'text': 'Lord of Ganesha', 'label': 'OTHER'}, {'text': 'Shiva', 'label': 'OTHER'}, {'text': 'Shiva', 'label': 'OTHER'}]",
23,"It is said by Divine Styler: ``in the school I come from, freestyling was a non-conceptual written rhyme... and now freestyling is called off the top of the head, so the era I come from is a lot different''.","[{'text': 'Divine Styler', 'label': 'PERSON'}]","[{'text': 'Divine Styler', 'label': 'PERSON'}]","Divine Styler says: ``in the school I come from, freestyling was a non-conceptual written rhyme... and now they call freestyling off the top of the head, so the era I come from it's a lot different''.","[{'text': 'Divine Styler', 'label': 'PERSON'}]","[{'text': 'Divine Styler', 'label': 'PERSON'}]",
24,"Shortly after World War I, a plot of land was purchased in Toulon and donated to the local sports club, RC Toulonnais, for the building of a stadium.","[{'text': 'RC Toulonnais', 'label': 'ORGANIZATION'}, {'text': 'Toulon', 'label': 'LOCATION'}, {'text': 'World War I', 'label': 'EVENT'}]","[{'text': 'RC Toulonnais', 'label': 'ORGANIZATION'}, {'text': 'Toulon', 'label': 'LOCATION'}, {'text': 'World War I', 'label': 'EVENT'}, {'text': 'stadium', 'label': 'BUILDING'}]","Shortly after World War I, he purchased a plot of land in Toulon and donated it to the local sports club, RC Toulonnais, for the building of a stadium.","[{'text': 'RC Toulonnais', 'label': 'ORGANIZATION'}, {'text': 'Toulon', 'label': 'LOCATION'}, {'text': 'World War I', 'label': 'EVENT'}, {'text': 'stadium', 'label': 'BUILDING'}]","[{'text': 'RC Toulonnais', 'label': 'ORGANIZATION'}, {'text': 'Toulon', 'label': 'LOCATION'}, {'text': 'World War I', 'label': 'EVENT'}]",
25,"For the 2019 Frieze Art Fair in London, a 1 tonne block of translucent ice was deposited by Agostinelli, pulled by a Tesla to the entrance of the fair on opening day.","[{'text': 'Agostinelli', 'label': 'PERSON'}, {'text': 'Frieze Art Fair', 'label': 'EVENT'}, {'text': 'London', 'label': 'LOCATION'}, {'text': 'Tesla', 'label': 'ORGANIZATION'}]","[{'text': '2019 Frieze Art Fair', 'label': 'EVENT'}, {'text': 'Agostinelli', 'label': 'PERSON'}, {'text': 'London', 'label': 'LOCATION'}, {'text': 'Tesla', 'label': 'PRODUCT'}]","For the 2019 Frieze Art Fair in London, Agostinelli staged his fourth intervention by depositing a 1 tonne block of translucent ice pulled by a Tesla to the entrance of the fair on opening day.","[{'text': '2019 Frieze Art Fair', 'label': 'EVENT'}, {'text': 'Agostinelli', 'label': 'PERSON'}, {'text': 'London', 'label': 'LOCATION'}, {'text': 'Tesla', 'label': 'PRODUCT'}]","[{'text': 'Agostinelli', 'label': 'PERSON'}, {'text': 'Frieze Art Fair', 'label': 'EVENT'}, {'text': 'London', 'label': 'LOCATION'}, {'text': 'Tesla', 'label': 'ORGANIZATION'}]",
26,"A sports commentary show featuring host Max Kellerman and Michael Holley, I, Max was aired nightly on Fox Sports Net.","[{'text': 'Fox Sports Net', 'label': 'ORGANIZATION'}, {'text': 'I, Max', 'label': 'ART'}, {'text': 'Max Kellerman', 'label': 'PERSON'}, {'text': 'Michael Holley', 'label': 'PERSON'}]","[{'text': 'Fox Sports Net', 'label': 'ORGANIZATION'}, {'text': 'I, Max', 'label': 'PRODUCT'}, {'text': 'Max Kellerman', 'label': 'PERSON'}, {'text': 'Michael Holley', 'label': 'PERSON'}]","I, Max was a sports commentary show featuring host Max Kellerman and Michael Holley that aired nightly on Fox Sports Net.","[{'text': 'Fox Sports Net', 'label': 'ORGANIZATION'}, {'text': 'Max Kellerman', 'label': 'PERSON'}, {'text': 'Michael Holley', 'label': 'PERSON'}]","[{'text': 'Fox Sports Net', 'label': 'ORGANIZATION'}, {'text': 'I, Max', 'label': 'ART'}, {'text': 'Max Kellerman', 'label': 'PERSON'}, {'text': 'Michael Holley', 'label': 'PERSON'}]",
27,The glycoproteins haemagglutinin and neuraminidase are contained in the orthomyxovirus.,"[{'text': 'glycoproteins haemagglutinin', 'label': 'OTHER'}, {'text': 'neuraminidase', 'label': 'OTHER'}, {'text': 'orthomyxovirus', 'label': 'OTHER'}]",[],It is an orthomyxovirus that contains the glycoproteins haemagglutinin and neuraminidase.,[],"[{'text': 'glycoproteins haemagglutinin', 'label': 'OTHER'}, {'text': 'neuraminidase', 'label': 'OTHER'}, {'text': 'orthomyxovirus', 'label': 'OTHER'}]",
28,Charges for spreading fake news and carrying out viewership manipulation on a number of occasions have been faced by the channel.,[],[],The channel has faced charges for spreading fake news and carrying out viewership manipulation on a number of occasions.,[],[],
29,"He was survived by his widow and one brother when he died in an assisted living facility on election day, November 2, 2004, at the age of 92.",[],"[{'text': 'November 2, 2004', 'label': 'EVENT'}]","He died in an assisted living facility on election day, November 2, 2004, at the age of 92, survived by his widow and one brother.","[{'text': 'November 2, 2004', 'label': 'EVENT'}]",[],
30,"As a result of the Housing Act 2004, the Residential Property Tribunal Service was formed, and the rent assessment committees became part of that body for administrative purposes, and are therefore now called the First Tier Tribunal (Property Chamber - Residential Property).","[{'text': 'Housing Act 2004', 'label': 'OTHER'}, {'text': 'Residential Property Tribunal Service', 'label': 'ORGANIZATION'}]","[{'text': 'First Tier Tribunal (Property Chamber - Residential Property)', 'label': 'ORGANIZATION'}, {'text': 'Housing Act 2004', 'label': 'OTHER'}, {'text': 'Residential Property Tribunal Service', 'label': 'ORGANIZATION'}]","On the formation of the Residential Property Tribunal Service as a result of the Housing Act 2004 the rent assessment committees became part of that body for administrative purposes, and is therefore now called the First Tier Tribunal (Property Chamber - Residential Property).","[{'text': 'First Tier Tribunal (Property Chamber - Residential Property)', 'label': 'ORGANIZATION'}, {'text': 'Housing Act 2004', 'label': 'OTHER'}, {'text': 'Residential Property Tribunal Service', 'label': 'ORGANIZATION'}]","[{'text': 'Housing Act 2004', 'label': 'OTHER'}, {'text': 'Residential Property Tribunal Service', 'label': 'ORGANIZATION'}]",
31,It was revealed by police investigations that the shotgun used to perform the murders was the same weapon used earlier in a bungled attempt to blast open a bank door during a robbery at the State Bank in Oak Park seven months earlier.,"[{'text': 'Oak Park', 'label': 'LOCATION'}, {'text': 'State Bank', 'label': 'BUILDING'}]","[{'text': 'Oak Park', 'label': 'LOCATION'}, {'text': 'State Bank', 'label': 'ORGANIZATION'}]",Police investigations revealed the shotgun used to perform the murders was the same weapon used earlier in a bungled attempt to blast open a bank door during a robbery at the State Bank in Oak Park seven months earlier.,"[{'text': 'Oak Park', 'label': 'LOCATION'}, {'text': 'State Bank', 'label': 'ORGANIZATION'}]","[{'text': 'Oak Park', 'label': 'LOCATION'}, {'text': 'State Bank', 'label': 'BUILDING'}]",
32,"To further expand its readership, ``The Philippine Star`` was entered into a partnership with fast food restaurant Jollibee in 2003 to become the first newspaper to be distributed free of charge in a fast food restaurant.","[{'text': 'Jollibee', 'label': 'BUILDING'}, {'text': 'The Philippine Star', 'label': 'OTHER'}]","[{'text': '2003', 'label': 'EVENT'}, {'text': 'Jollibee', 'label': 'ORGANIZATION'}, {'text': 'The Philippine Star', 'label': 'ORGANIZATION'}]","To further expand its readership, ``The Philippine Star`` entered into a partnership with fast food restaurant Jollibee in 2003 to become the first newspaper to be distributed free of charge in a fast food restaurant.","[{'text': '2003', 'label': 'EVENT'}, {'text': 'Jollibee', 'label': 'ORGANIZATION'}, {'text': 'The Philippine Star', 'label': 'ORGANIZATION'}]","[{'text': 'Jollibee', 'label': 'BUILDING'}, {'text': 'The Philippine Star', 'label': 'OTHER'}]",
33,"Eventually, however, conflicts between the Saudi government and the FBI were repeated during the course of the investigation.","[{'text': 'FBI', 'label': 'ORGANIZATION'}, {'text': 'Saudi', 'label': 'ORGANIZATION'}]","[{'text': 'FBI', 'label': 'ORGANIZATION'}, {'text': 'Saudi government', 'label': 'ORGANIZATION'}]","Eventually, however, the Saudi government and the FBI repeatedly conflicted during the course of the investigation.","[{'text': 'FBI', 'label': 'ORGANIZATION'}, {'text': 'Saudi government', 'label': 'ORGANIZATION'}]","[{'text': 'FBI', 'label': 'ORGANIZATION'}, {'text': 'Saudi', 'label': 'ORGANIZATION'}]",
34,New Orleans was converged upon by the newest batch of contestants to meet with Tyler and to be given a beignet cooking challenge right off the bat.,"[{'text': 'New Orleans', 'label': 'LOCATION'}, {'text': 'Tyler', 'label': 'PERSON'}]","[{'text': 'New Orleans', 'label': 'LOCATION'}, {'text': 'Tyler', 'label': 'PERSON'}]",The newest batch of contestants converged on New Orleans to meet with Tyler and receive a beignet cooking challenge right off the bat.,"[{'text': 'New Orleans', 'label': 'LOCATION'}, {'text': 'Tyler', 'label': 'PERSON'}]","[{'text': 'New Orleans', 'label': 'LOCATION'}, {'text': 'Tyler', 'label': 'PERSON'}]",
35,Glucose levels can be reduced independently of insulin and without causing hypoglycemia or weight gain.,"[{'text': 'hypoglycemia', 'label': 'OTHER'}, {'text': 'insulin', 'label': 'OTHER'}]",[],They work independently of insulin and can reduce glucose levels without causing hypoglycemia or weight gain.,[],"[{'text': 'hypoglycemia', 'label': 'OTHER'}, {'text': 'insulin', 'label': 'OTHER'}]",
36,The inaugural International Story Bridge Award of the National Storytelling Network was won by Liz Weir in 2002.,"[{'text': 'International Story Bridge Award', 'label': 'OTHER'}, {'text': 'Liz Weir', 'label': 'PERSON'}, {'text': 'National Storytelling Network', 'label': 'EVENT'}]","[{'text': '2002', 'label': 'OTHER'}, {'text': 'International Story Bridge Award', 'label': 'EVENT'}, {'text': 'Liz Weir', 'label': 'PERSON'}, {'text': 'National Storytelling Network', 'label': 'ORGANIZATION'}]",Liz Weir won the inaugural International Story Bridge Award of the National Storytelling Network in 2002.,"[{'text': '2002', 'label': 'EVENT'}, {'text': 'International Story Bridge Award', 'label': 'OTHER'}, {'text': 'Liz Weir', 'label': 'PERSON'}, {'text': 'National Storytelling Network', 'label': 'ORGANIZATION'}]","[{'text': 'International Story Bridge Award', 'label': 'OTHER'}, {'text': 'Liz Weir', 'label': 'PERSON'}, {'text': 'National Storytelling Network', 'label': 'EVENT'}]",
37,"Stalls are run by more than 100 sellers from Deidesheim and the surrounding area, which must stylistically fit into the market's whole theme.","[{'text': 'Deidesheim', 'label': 'LOCATION'}]","[{'text': 'Deidesheim', 'label': 'LOCATION'}]","More than 100 sellers from Deidesheim and the surrounding area run stalls, which must stylistically fit into the market's whole theme.","[{'text': 'Deidesheim', 'label': 'LOCATION'}]","[{'text': 'Deidesheim', 'label': 'LOCATION'}]",
38,"Major cultural and political influence was maintained by the Papacy in central Italy during the Catholic Reformation, which was initiated by the conclusion of the Tridentine council (resumed by the terms of the treaty).","[{'text': 'Catholic Reformation', 'label': 'ORGANIZATION'}, {'text': 'Papacy', 'label': 'EVENT'}, {'text': 'Tridentine council', 'label': 'ORGANIZATION'}]","[{'text': 'Catholic Reformation', 'label': 'EVENT'}, {'text': 'Papacy', 'label': 'ORGANIZATION'}, {'text': 'Tridentine council', 'label': 'EVENT'}, {'text': 'central Italy', 'label': 'LOCATION'}]",The Papacy in central Italy maintained major cultural and political influence during the Catholic Reformation initiated by the conclusion of the Tridentine council (resumed by the terms of the treaty).,"[{'text': 'Catholic Reformation', 'label': 'EVENT'}, {'text': 'Papacy', 'label': 'ORGANIZATION'}, {'text': 'Tridentine council', 'label': 'EVENT'}, {'text': 'central Italy', 'label': 'LOCATION'}]","[{'text': 'Catholic Reformation', 'label': 'ORGANIZATION'}, {'text': 'Papacy', 'label': 'EVENT'}, {'text': 'Tridentine council', 'label': 'ORGANIZATION'}]",
39,"In some cases, the attacks were resisted by black community groups, especially in Chicago and Washington, D.C.","[{'text': 'Chicago', 'label': 'LOCATION'}, {'text': 'Washington, D.C', 'label': 'LOCATION'}]","[{'text': 'Chicago', 'label': 'LOCATION'}, {'text': 'Washington, D.C.', 'label': 'LOCATION'}]","In some cases, black community groups resisted the attacks, especially in Chicago and Washington, D.C.","[{'text': 'Chicago', 'label': 'LOCATION'}, {'text': 'Washington, D.C.', 'label': 'LOCATION'}]","[{'text': 'Chicago', 'label': 'LOCATION'}, {'text': 'Washington, D.C', 'label': 'LOCATION'}]",
40,A mayday call was sent out by ``Patrick Morris`` at 6:51 am and she was sunk 35 minutes later.,"[{'text': 'Patrick Morris', 'label': 'PRODUCT'}]","[{'text': 'Patrick Morris', 'label': 'OTHER'}]",``Patrick Morris`` sent out her own mayday call at 6:51 am and sank 35 minutes later.,"[{'text': 'Patrick Morris', 'label': 'OTHER'}]","[{'text': 'Patrick Morris', 'label': 'PRODUCT'}]",
41,"Midway through the season, Stacey King was traded to the Minnesota Timberwolves for Luc Longley.","[{'text': 'Luc Longley', 'label': 'PERSON'}, {'text': 'Minnesota Timberwolves', 'label': 'ORGANIZATION'}, {'text': 'Stacey King', 'label': 'PERSON'}]","[{'text': 'Luc Longley', 'label': 'PERSON'}, {'text': 'Minnesota Timberwolves', 'label': 'ORGANIZATION'}, {'text': 'Stacey King', 'label': 'PERSON'}]","Midway through the season, they traded Stacey King to the Minnesota Timberwolves for Luc Longley.","[{'text': 'Luc Longley', 'label': 'PERSON'}, {'text': 'Minnesota Timberwolves', 'label': 'ORGANIZATION'}, {'text': 'Stacey King', 'label': 'PERSON'}]","[{'text': 'Luc Longley', 'label': 'PERSON'}, {'text': 'Minnesota Timberwolves', 'label': 'ORGANIZATION'}, {'text': 'Stacey King', 'label': 'PERSON'}]",
42,The alliance is joined by almost over 75 members of parliament.,[],[],almost over 75 members of parliament join the alliance.,"[{'text': 'parliament', 'label': 'ORGANIZATION'}]",[],
43,"The team was headed by Mike Moreton, who joined TWR to run the XJ220 project.","[{'text': 'Mike Moreton', 'label': 'PERSON'}, {'text': 'TWR', 'label': 'ORGANIZATION'}, {'text': 'XJ220', 'label': 'PRODUCT'}]","[{'text': 'Mike Moreton', 'label': 'PERSON'}, {'text': 'TWR', 'label': 'ORGANIZATION'}, {'text': 'XJ220', 'label': 'PRODUCT'}]","Mike Moreton headed the team, joining TWR to run the XJ220 project.","[{'text': 'Mike Moreton', 'label': 'PERSON'}, {'text': 'TWR', 'label': 'ORGANIZATION'}, {'text': 'XJ220', 'label': 'PRODUCT'}]","[{'text': 'Mike Moreton', 'label': 'PERSON'}, {'text': 'TWR', 'label': 'ORGANIZATION'}, {'text': 'XJ220', 'label': 'PRODUCT'}]",
44,The jury award for best feature Film was won by it at the TriMedia Film Festival in 2010.,"[{'text': 'TriMedia Film Festival', 'label': 'EVENT'}, {'text': 'jury award for best feature Film', 'label': 'OTHER'}]","[{'text': 'TriMedia Film Festival', 'label': 'EVENT'}]",It won the jury award for best feature Film at the TriMedia Film Festival in 2010.,"[{'text': 'TriMedia Film Festival', 'label': 'EVENT'}]","[{'text': 'TriMedia Film Festival', 'label': 'EVENT'}, {'text': 'jury award for best feature Film', 'label': 'OTHER'}]",
45,Both doors are mirror images of each other and the bronze University seal is contained in each.,"[{'text': 'bronze University seal', 'label': 'PRODUCT'}]","[{'text': 'University', 'label': 'ORGANIZATION'}]",Both doors are mirror images of each other and each contain the bronze University seal.,"[{'text': 'University', 'label': 'ORGANIZATION'}]","[{'text': 'bronze University seal', 'label': 'PRODUCT'}]",
46,"A second phase of work, conducted between 1890 and 1893, saw the east relief bridge being constructed along with the west bridge being refurbished.",[],"[{'text': 'east relief bridge', 'label': 'BUILDING'}, {'text': 'west bridge', 'label': 'BUILDING'}]","A second phase of work, conducted between 1890 and 1893, involved the construction of the east relief bridge along with the refurbishment of the west bridge.","[{'text': 'east relief bridge', 'label': 'BUILDING'}, {'text': 'west bridge', 'label': 'BUILDING'}]",[],
47,The ship has been kept berthed at its Philadelphia dock by large donations while restoration plans continue to be further investigated by the group.,[],"[{'text': 'Philadelphia', 'label': 'LOCATION'}]",Large donations have kept the ship berthed at its Philadelphia dock while the group continues to further investigate restoration plans.,"[{'text': 'Philadelphia', 'label': 'LOCATION'}]",[],
48,"The position of mayor of Moerbeke-Waas has been held by him since 2013, and the Belgian Federal Parliament has had him as a member since 2019.","[{'text': 'Belgian Federal Parliament', 'label': 'ORGANIZATION'}, {'text': 'Moerbeke-Waas', 'label': 'LOCATION'}]","[{'text': 'Belgian Federal Parliament', 'label': 'ORGANIZATION'}, {'text': 'Moerbeke-Waas', 'label': 'LOCATION'}]",He is mayor of Moerbeke-Waas since 2013 and member of the Belgian Federal Parliament since 2019.,"[{'text': 'Belgian Federal Parliament', 'label': 'ORGANIZATION'}, {'text': 'Moerbeke-Waas', 'label': 'LOCATION'}]","[{'text': 'Belgian Federal Parliament', 'label': 'ORGANIZATION'}, {'text': 'Moerbeke-Waas', 'label': 'LOCATION'}]",
49,He and teammate Mohd Zaiza Zainal Abidin were sold to Pahang for the 2011 season.,"[{'text': 'Mohd Zaiza Zainal Abidin', 'label': 'PERSON'}, {'text': 'Pahang', 'label': 'ORGANIZATION'}]","[{'text': '2011 season', 'label': 'EVENT'}, {'text': 'Mohd Zaiza Zainal Abidin', 'label': 'PERSON'}, {'text': 'Pahang', 'label': 'ORGANIZATION'}]",He and teammate Mohd Zaiza Zainal Abidin was sold to Pahang for the 2011 season.,"[{'text': '2011 season', 'label': 'EVENT'}, {'text': 'Mohd Zaiza Zainal Abidin', 'label': 'PERSON'}, {'text': 'Pahang', 'label': 'ORGANIZATION'}]","[{'text': 'Mohd Zaiza Zainal Abidin', 'label': 'PERSON'}, {'text': 'Pahang', 'label': 'ORGANIZATION'}]",
50,His burial in 1791 was simply conducted following the regulations of the day after a funeral in the Stephansdom.,"[{'text': 'Stephansdom', 'label': 'BUILDING'}]","[{'text': 'Stephansdom', 'label': 'BUILDING'}]",His burial in 1791 after a funeral in the Stephansdom simply followed the regulations of the day.,"[{'text': 'Stephansdom', 'label': 'BUILDING'}]","[{'text': 'Stephansdom', 'label': 'BUILDING'}]",
51,"Included among the former Blizzard North members who were joined by Castaway Entertainment are Michael Scandizzo, Stefan Scandizzo, Alan Ackerman, Steven Woo, Rick Seis, Ted Bisson, Bruno Bowden, Peter Brevik, Michael Huang, Kelly Johnson (artist), Michio Okamura, Tom Ricket (also known as Sluggy Freelance's Shirt Guy Tom), and Fredrick Vaught (after whom the Halls of Vaught in Diablo II were named).","[{'text': 'Alan Ackerman', 'label': 'PERSON'}, {'text': 'Blizzard North', 'label': 'ORGANIZATION'}, {'text': 'Bruno Bowden', 'label': 'PERSON'}, {'text': 'Castaway Entertainment', 'label': 'ORGANIZATION'}, {'text': 'Diablo II', 'label': 'PRODUCT'}, {'text': 'Fredrick Vaught', 'label': 'PERSON'}, {'text': 'Halls of Vaught', 'label': 'LOCATION'}, {'text': 'Kelly Johnson', 'label': 'PERSON'}, {'text': 'Michael Huang', 'label': 'PERSON'}, {'text': 'Michael Scandizzo', 'label': 'PERSON'}, {'text': 'Michio Okamura', 'label': 'PERSON'}, {'text': 'Peter Brevik', 'label': 'PERSON'}, {'text': 'Rick Seis', 'label': 'PERSON'}, {'text': ""Sluggy Freelance's Shirt Guy Tom"", 'label': 'PERSON'}, {'text': 'Stefan Scandizzo', 'label': 'PERSON'}, {'text': 'Steven Woo', 'label': 'PERSON'}, {'text': 'Ted Bisson', 'label': 'PERSON'}, {'text': 'Tom Ricket', 'label': 'PERSON'}]","[{'text': 'Alan Ackerman', 'label': 'PERSON'}, {'text': 'Blizzard North', 'label': 'ORGANIZATION'}, {'text': 'Bruno Bowden', 'label': 'PERSON'}, {'text': 'Castaway Entertainment', 'label': 'ORGANIZATION'}, {'text': 'Diablo II', 'label': 'PRODUCT'}, {'text': 'Fredrick Vaught', 'label': 'PERSON'}, {'text': 'Halls of Vaught', 'label': 'LOCATION'}, {'text': 'Kelly Johnson', 'label': 'PERSON'}, {'text': 'Michael Huang', 'label': 'PERSON'}, {'text': 'Michael Scandizzo', 'label': 'PERSON'}, {'text': 'Michio Okamura', 'label': 'PERSON'}, {'text': 'Peter Brevik', 'label': 'PERSON'}, {'text': 'Rick Seis', 'label': 'PERSON'}, {'text': ""Sluggy Freelance's Shirt Guy Tom"", 'label': 'PERSON'}, {'text': 'Stefan Scandizzo', 'label': 'PERSON'}, {'text': 'Steven Woo', 'label': 'PERSON'}, {'text': 'Ted Bisson', 'label': 'PERSON'}, {'text': 'Tom Ricket', 'label': 'PERSON'}]","Former Blizzard North members who joined Castaway Entertainment include Michael Scandizzo, Stefan Scandizzo, Alan Ackerman, Steven Woo, Rick Seis, Ted Bisson, Bruno Bowden, Peter Brevik, Michael Huang, Kelly Johnson (artist), Michio Okamura, Tom Ricket (also known as Sluggy Freelance's Shirt Guy Tom), and Fredrick Vaught (after whom the Halls of Vaught in Diablo II were named).","[{'text': 'Alan Ackerman', 'label': 'PERSON'}, {'text': 'Blizzard North', 'label': 'ORGANIZATION'}, {'text': 'Bruno Bowden', 'label': 'PERSON'}, {'text': 'Castaway Entertainment', 'label': 'ORGANIZATION'}, {'text': 'Diablo II', 'label': 'PRODUCT'}, {'text': 'Fredrick Vaught', 'label': 'PERSON'}, {'text': 'Halls of Vaught', 'label': 'LOCATION'}, {'text': 'Kelly Johnson', 'label': 'PERSON'}, {'text': 'Michael Huang', 'label': 'PERSON'}, {'text': 'Michael Scandizzo', 'label': 'PERSON'}, {'text': 'Michio Okamura', 'label': 'PERSON'}, {'text': 'Peter Brevik', 'label': 'PERSON'}, {'text': 'Rick Seis', 'label': 'PERSON'}, {'text': 'Sluggy Freelance', 'label': 'OTHER'}, {'text': 'Stefan Scandizzo', 'label': 'PERSON'}, {'text': 'Steven Woo', 'label': 'PERSON'}, {'text': 'Ted Bisson', 'label': 'PERSON'}, {'text': 'Tom Ricket', 'label': 'PERSON'}]","[{'text': 'Alan Ackerman', 'label': 'PERSON'}, {'text': 'Blizzard North', 'label': 'ORGANIZATION'}, {'text': 'Bruno Bowden', 'label': 'PERSON'}, {'text': 'Castaway Entertainment', 'label': 'ORGANIZATION'}, {'text': 'Diablo II', 'label': 'PRODUCT'}, {'text': 'Fredrick Vaught', 'label': 'PERSON'}, {'text': 'Halls of Vaught', 'label': 'LOCATION'}, {'text': 'Kelly Johnson', 'label': 'PERSON'}, {'text': 'Michael Huang', 'label': 'PERSON'}, {'text': 'Michael Scandizzo', 'label': 'PERSON'}, {'text': 'Michio Okamura', 'label': 'PERSON'}, {'text': 'Peter Brevik', 'label': 'PERSON'}, {'text': 'Rick Seis', 'label': 'PERSON'}, {'text': ""Sluggy Freelance's Shirt Guy Tom"", 'label': 'PERSON'}, {'text': 'Stefan Scandizzo', 'label': 'PERSON'}, {'text': 'Steven Woo', 'label': 'PERSON'}, {'text': 'Ted Bisson', 'label': 'PERSON'}, {'text': 'Tom Ricket', 'label': 'PERSON'}]",
52,The provision in the Treaty that the position of Ireland remained a matter for the Parliament of Northern Ireland was affirmed by Section 1 (2) of this act:,"[{'text': 'Parliament of Northern Ireland', 'label': 'ORGANIZATION'}, {'text': 'Treaty', 'label': 'OTHER'}]","[{'text': 'Ireland', 'label': 'LOCATION'}, {'text': 'Parliament of Northern Ireland', 'label': 'ORGANIZATION'}]",Section 1 (2) of this act affirmed the provision in the Treaty that the position of Ireland remained a matter for the Parliament of Northern Ireland:,"[{'text': 'Ireland', 'label': 'LOCATION'}, {'text': 'Parliament of Northern Ireland', 'label': 'ORGANIZATION'}]","[{'text': 'Parliament of Northern Ireland', 'label': 'ORGANIZATION'}, {'text': 'Treaty', 'label': 'OTHER'}]",
53,There are several makers of reproduction equipment and collodion is worked with by many artists around the globe.,[],[],There are several makers of reproduction equipment and many artists work with collodion around the globe.,[],[],
54,"Caunter remained a regular character until he was axed by new executive producer Louise Berridge in 2003, a decision which she later stated she regretted.","[{'text': 'Caunter', 'label': 'PERSON'}, {'text': 'Louise Berridge', 'label': 'PERSON'}]","[{'text': 'Caunter', 'label': 'PERSON'}, {'text': 'Louise Berridge', 'label': 'PERSON'}]","Caunter remained a regular character until new executive producer Louise Berridge axed him in 2003, a decision which she later stated she regretted.","[{'text': 'Caunter', 'label': 'PERSON'}, {'text': 'Louise Berridge', 'label': 'PERSON'}]","[{'text': 'Caunter', 'label': 'PERSON'}, {'text': 'Louise Berridge', 'label': 'PERSON'}]",
55,"Paris's bid for the 2024 Summer Olympics was successfully led by him, and the head of the organizing committee for those games is being served by him.","[{'text': 'Paris', 'label': 'LOCATION'}, {'text': 'Summer Olympics', 'label': 'EVENT'}]","[{'text': '2024 Summer Olympics', 'label': 'EVENT'}, {'text': 'Paris', 'label': 'LOCATION'}]",He successfully led Paris's bid for the 2024 Summer Olympics and is serving as the head of the organizing committee for those games.,"[{'text': '2024 Summer Olympics', 'label': 'EVENT'}, {'text': ""Paris's"", 'label': 'LOCATION'}]","[{'text': 'Paris', 'label': 'LOCATION'}, {'text': 'Summer Olympics', 'label': 'EVENT'}]",
56,"All lyrics were written by Kellin Quinn and Jesse Lawson unless noted, all music was composed by Sleeping with Sirens","[{'text': 'Jesse Lawson', 'label': 'PERSON'}, {'text': 'Kellin Quinn', 'label': 'PERSON'}]","[{'text': 'Jesse Lawson', 'label': 'PERSON'}, {'text': 'Kellin Quinn', 'label': 'PERSON'}, {'text': 'Sleeping with Sirens', 'label': 'ORGANIZATION'}]","All lyrics written by Kellin Quinn and Jesse Lawson unless noted, all music composed by Sleeping with Sirens","[{'text': 'Jesse Lawson', 'label': 'PERSON'}, {'text': 'Kellin Quinn', 'label': 'PERSON'}, {'text': 'Sleeping with Sirens', 'label': 'ORGANIZATION'}]","[{'text': 'Jesse Lawson', 'label': 'PERSON'}, {'text': 'Kellin Quinn', 'label': 'PERSON'}]",
57,Conclusions on how to interpret the information can be drawn by the 20Q AI.,"[{'text': '20Q AI', 'label': 'PRODUCT'}]","[{'text': '20Q AI', 'label': 'PRODUCT'}]",The 20Q AI can draw its own conclusions on how to interpret the information.,[],"[{'text': '20Q AI', 'label': 'PRODUCT'}]",
58,A four-strong table tennis team was fielded by Greece at the 2004 Olympic Games after being granted permission to use host nation qualification places.,"[{'text': '2004 Olympic Games', 'label': 'EVENT'}, {'text': 'Greece', 'label': 'LOCATION'}]","[{'text': '2004 Olympic Games', 'label': 'EVENT'}, {'text': 'Greece', 'label': 'LOCATION'}]",Greece fielded a four-strong table tennis team at the 2004 Olympic Games after being granted permission to use host nation qualification places.,"[{'text': '2004 Olympic Games', 'label': 'EVENT'}, {'text': 'Greece', 'label': 'LOCATION'}]","[{'text': '2004 Olympic Games', 'label': 'EVENT'}, {'text': 'Greece', 'label': 'LOCATION'}]",
59,"In 1919, Lucile Rodier was married to Gagnon, also a pupil of William Bremner.","[{'text': 'Gagnon', 'label': 'PERSON'}, {'text': 'Lucile Rodier', 'label': 'PERSON'}, {'text': 'William Bremner', 'label': 'PERSON'}]","[{'text': 'Gagnon', 'label': 'PERSON'}, {'text': 'Lucile Rodier', 'label': 'PERSON'}, {'text': 'William Bremner', 'label': 'PERSON'}]","In 1919 Gagnon married Lucile Rodier, also a pupil of William Bremner.","[{'text': 'Gagnon', 'label': 'PERSON'}, {'text': 'Lucile Rodier', 'label': 'PERSON'}, {'text': 'William Bremner', 'label': 'PERSON'}]","[{'text': 'Gagnon', 'label': 'PERSON'}, {'text': 'Lucile Rodier', 'label': 'PERSON'}, {'text': 'William Bremner', 'label': 'PERSON'}]",
60,"In July 1944, Noemfoor Island, off Dutch New Guinea, was the location where the 503rd jumped again, in the Battle of Noemfoor.","[{'text': 'Battle of Noemfoor', 'label': 'EVENT'}, {'text': 'Dutch New Guinea', 'label': 'LOCATION'}, {'text': 'Noemfoor Island', 'label': 'LOCATION'}]","[{'text': '503rd', 'label': 'ORGANIZATION'}, {'text': 'Battle of Noemfoor', 'label': 'EVENT'}, {'text': 'Dutch New Guinea', 'label': 'LOCATION'}, {'text': 'Noemfoor Island', 'label': 'LOCATION'}]","In July 1944, the 503rd jumped again, onto Noemfoor Island, off Dutch New Guinea, in the Battle of Noemfoor.","[{'text': '503rd', 'label': 'ORGANIZATION'}, {'text': 'Battle of Noemfoor', 'label': 'EVENT'}, {'text': 'Dutch New Guinea', 'label': 'LOCATION'}, {'text': 'Noemfoor Island', 'label': 'LOCATION'}]","[{'text': 'Battle of Noemfoor', 'label': 'EVENT'}, {'text': 'Dutch New Guinea', 'label': 'LOCATION'}, {'text': 'Noemfoor Island', 'label': 'LOCATION'}]",
61,It is a part of the National Highway network linking the state capital cities Adelaide to Melbourne and is signed as National Highway M1.,"[{'text': 'Adelaide', 'label': 'LOCATION'}, {'text': 'Melbourne', 'label': 'LOCATION'}, {'text': 'National Highway M1', 'label': 'LOCATION'}]","[{'text': 'Adelaide', 'label': 'LOCATION'}, {'text': 'Melbourne', 'label': 'LOCATION'}, {'text': 'National Highway', 'label': 'ORGANIZATION'}, {'text': 'National Highway M1', 'label': 'PRODUCT'}]",It is a part of the National Highway network linking the state capital cities Adelaide to Melbourne and signed as National Highway M1.,"[{'text': 'Adelaide', 'label': 'LOCATION'}, {'text': 'Melbourne', 'label': 'LOCATION'}, {'text': 'National Highway', 'label': 'ORGANIZATION'}, {'text': 'National Highway M1', 'label': 'OTHER'}]","[{'text': 'Adelaide', 'label': 'LOCATION'}, {'text': 'Melbourne', 'label': 'LOCATION'}, {'text': 'National Highway M1', 'label': 'LOCATION'}]",
62,"The basis of the column is orientated northwest/southeast, while its capital is aligned north/south, possibly so that the statue could be positioned to look towards the nearby Church of the Holy Apostles.","[{'text': 'Church of the Holy Apostles', 'label': 'BUILDING'}]","[{'text': 'Church of the Holy Apostles', 'label': 'BUILDING'}]","The basis of the column is orientated northwest/southeast, while its capital is aligned north/south, possibly so that the statue could look towards the nearby Church of the Holy Apostles.","[{'text': 'Church of the Holy Apostles', 'label': 'BUILDING'}]","[{'text': 'Church of the Holy Apostles', 'label': 'BUILDING'}]",
63,Touring and recording new music concurrently were continued by both versions of the band.,[],[],Both versions of the band continued touring and recording new music concurrently.,[],[],
64,Mr Gilbert was given a Saab 9-5 Aero by Saab.,"[{'text': 'Gilbert', 'label': 'PERSON'}, {'text': 'Saab', 'label': 'ORGANIZATION'}, {'text': 'Saab 9-5 Aero', 'label': 'PRODUCT'}]","[{'text': 'Mr Gilbert', 'label': 'PERSON'}, {'text': 'Saab', 'label': 'ORGANIZATION'}, {'text': 'Saab 9-5 Aero', 'label': 'PRODUCT'}]",Saab gave Mr Gilbert a Saab 9-5 Aero.,"[{'text': 'Mr Gilbert', 'label': 'PERSON'}, {'text': 'Saab', 'label': 'ORGANIZATION'}, {'text': 'Saab 9-5 Aero', 'label': 'PRODUCT'}]","[{'text': 'Gilbert', 'label': 'PERSON'}, {'text': 'Saab', 'label': 'ORGANIZATION'}, {'text': 'Saab 9-5 Aero', 'label': 'PRODUCT'}]",
65,A combined Personal Digital Assistant (PDA) and mobile telephone is manufactured by HTC under the name HTC Prophet.,"[{'text': 'HTC', 'label': 'ORGANIZATION'}, {'text': 'HTC Prophet', 'label': 'PRODUCT'}, {'text': 'Personal Digital Assistant (PDA)', 'label': 'PRODUCT'}, {'text': 'mobile telephone', 'label': 'PRODUCT'}]","[{'text': 'HTC', 'label': 'ORGANIZATION'}, {'text': 'HTC Prophet', 'label': 'PRODUCT'}]",The HTC Prophet is a combined Personal Digital Assistant (PDA) and mobile telephone manufactured by HTC.,"[{'text': 'HTC', 'label': 'ORGANIZATION'}, {'text': 'HTC Prophet', 'label': 'PRODUCT'}]","[{'text': 'HTC', 'label': 'ORGANIZATION'}, {'text': 'HTC Prophet', 'label': 'PRODUCT'}, {'text': 'Personal Digital Assistant (PDA)', 'label': 'PRODUCT'}, {'text': 'mobile telephone', 'label': 'PRODUCT'}]",
66,"The scene is set at the Paris Las Vegas resort, where the resort's Eiffel Tower is landed atop by escaped Pteranodons.","[{'text': 'Eiffel Tower', 'label': 'BUILDING'}, {'text': 'Paris Las Vegas', 'label': 'LOCATION'}]","[{'text': 'Eiffel Tower', 'label': 'BUILDING'}, {'text': 'Paris Las Vegas', 'label': 'LOCATION'}, {'text': 'Pteranodons', 'label': 'OTHER'}]","The scene is set at the Paris Las Vegas resort, where escaped Pteranodons land atop the resort's Eiffel Tower.","[{'text': 'Eiffel Tower', 'label': 'BUILDING'}, {'text': 'Paris Las Vegas', 'label': 'LOCATION'}, {'text': 'Pteranodons', 'label': 'OTHER'}]","[{'text': 'Eiffel Tower', 'label': 'BUILDING'}, {'text': 'Paris Las Vegas', 'label': 'LOCATION'}]",
67,Training was also received at the Royal Danish Academy of Fine Arts in Copenhagen under Professor Einar Utzon-Frank from 1945-1946.,"[{'text': 'Copenhagen', 'label': 'LOCATION'}, {'text': 'Einar Utzon-Frank', 'label': 'PERSON'}, {'text': 'Royal Danish Academy of Fine Arts', 'label': 'ORGANIZATION'}]","[{'text': '1945-1946', 'label': 'EVENT'}, {'text': 'Copenhagen', 'label': 'LOCATION'}, {'text': 'Einar Utzon-Frank', 'label': 'PERSON'}, {'text': 'Royal Danish Academy of Fine Arts', 'label': 'ORGANIZATION'}]",He also was trained at the Royal Danish Academy of Fine Arts in Copenhagen under Professor Einar Utzon-Frank from 1945-1946.,"[{'text': '1945-1946', 'label': 'EVENT'}, {'text': 'Copenhagen', 'label': 'LOCATION'}, {'text': 'Einar Utzon-Frank', 'label': 'PERSON'}, {'text': 'Royal Danish Academy of Fine Arts', 'label': 'ORGANIZATION'}]","[{'text': 'Copenhagen', 'label': 'LOCATION'}, {'text': 'Einar Utzon-Frank', 'label': 'PERSON'}, {'text': 'Royal Danish Academy of Fine Arts', 'label': 'ORGANIZATION'}]",
68,A unanimous decision was made in favor of Fitch against Saunders.,"[{'text': 'Fitch', 'label': 'PERSON'}, {'text': 'Saunders', 'label': 'PERSON'}]","[{'text': 'Fitch', 'label': 'PERSON'}, {'text': 'Saunders', 'label': 'PERSON'}]",Saunders lost to Fitch by unanimous decision.,"[{'text': 'Fitch', 'label': 'PERSON'}, {'text': 'Saunders', 'label': 'PERSON'}]","[{'text': 'Fitch', 'label': 'PERSON'}, {'text': 'Saunders', 'label': 'PERSON'}]",
69,A group of animals found exclusively in aquatic and mostly marine environments are known as the Cnidaria.,"[{'text': 'Cnidaria', 'label': 'OTHER'}]",[],The Cnidaria are a group of animals found exclusively in aquatic and mostly marine environments.,[],"[{'text': 'Cnidaria', 'label': 'OTHER'}]",
70,"Lawrence claims that she was given cash, whereas it is claimed by Stephens that his life was threatened.","[{'text': 'Stephens', 'label': 'PERSON'}]","[{'text': 'Lawrence', 'label': 'PERSON'}, {'text': 'Stephens', 'label': 'PERSON'}]","Lawrence claims that she was given cash, whereas Stephens claims that his life was threatened.",[],"[{'text': 'Stephens', 'label': 'PERSON'}]",
71,"Individual rooms, each with its own en-suite bathroom facilities, were entirely comprised by the 117-bed facility.",[],[],"The 117-bed facility entirely comprised individual rooms, each with its own en-suite bathroom facilities.",[],[],
72,"Certain aspects of aging, namely endothelial dysfunction, vascular remodeling, and invasion of leukocytes in cardiovascular tissue, are amplified by experimental GPX1 deficiency.",[],[],"Experimental GPX1 deficiency amplifies certain aspects of aging, namely endothelial dysfunction, vascular remodeling, and invasion of leukocytes in cardiovascular tissue.",[],[],
73,"It was later recalled by the B-52 pilot, Major Larry G.Messinger,","[{'text': 'B-52', 'label': 'PRODUCT'}, {'text': 'Larry G.Messinger', 'label': 'PERSON'}]","[{'text': 'B-52', 'label': 'PRODUCT'}, {'text': 'Major Larry G. Messinger', 'label': 'PERSON'}]","The B-52 pilot, Major Larry G.Messinger, later recalled,","[{'text': 'B-52', 'label': 'PRODUCT'}, {'text': 'Major Larry G.Messinger', 'label': 'PERSON'}]","[{'text': 'B-52', 'label': 'PRODUCT'}, {'text': 'Larry G.Messinger', 'label': 'PERSON'}]",
74,The revised Wii model and the Wii Mini were continued to be sold by Nintendo alongside the Wii U during the Wii U's first release year.,"[{'text': 'Nintendo', 'label': 'ORGANIZATION'}, {'text': 'Wii Mini', 'label': 'PRODUCT'}, {'text': 'Wii U', 'label': 'PRODUCT'}, {'text': 'Wii U', 'label': 'PRODUCT'}, {'text': 'Wii model', 'label': 'PRODUCT'}]","[{'text': 'Nintendo', 'label': 'ORGANIZATION'}, {'text': 'Wii', 'label': 'PRODUCT'}, {'text': 'Wii Mini', 'label': 'PRODUCT'}, {'text': 'Wii U', 'label': 'PRODUCT'}]",Nintendo continued to sell the revised Wii model and the Wii Mini alongside the Wii U during the Wii U's first release year.,"[{'text': 'Nintendo', 'label': 'ORGANIZATION'}, {'text': 'Wii', 'label': 'PRODUCT'}, {'text': 'Wii Mini', 'label': 'PRODUCT'}, {'text': 'Wii U', 'label': 'PRODUCT'}]","[{'text': 'Nintendo', 'label': 'ORGANIZATION'}, {'text': 'Wii Mini', 'label': 'PRODUCT'}, {'text': 'Wii U', 'label': 'PRODUCT'}, {'text': 'Wii U', 'label': 'PRODUCT'}, {'text': 'Wii model', 'label': 'PRODUCT'}]",
75,Two classes of protected cruisers were built and operated by the Austro-Hungarian Navy.,"[{'text': 'Austro-Hungarian Navy', 'label': 'ORGANIZATION'}]","[{'text': 'Austro-Hungarian Navy', 'label': 'ORGANIZATION'}]",The Austro-Hungarian Navy built and operated two classes of protected cruisers.,"[{'text': 'Austro-Hungarian Navy', 'label': 'ORGANIZATION'}]","[{'text': 'Austro-Hungarian Navy', 'label': 'ORGANIZATION'}]",
76,"Ammonia produced by nitrate reduction, amino acid degradation, and photorespiration is used by Glutamine synthetase.","[{'text': 'Glutamine synthetase', 'label': 'OTHER'}, {'text': 'amino acid', 'label': 'OTHER'}, {'text': 'ammonia', 'label': 'OTHER'}]",[],"Glutamine synthetase uses ammonia produced by nitrate reduction, amino acid degradation, and photorespiration.",[],"[{'text': 'Glutamine synthetase', 'label': 'OTHER'}, {'text': 'amino acid', 'label': 'OTHER'}, {'text': 'ammonia', 'label': 'OTHER'}]",
77,"A serious defeat was suffered by the Ninth at the Battle of Camulodunum under Quintus Petillius Cerialis in the rebellion of Boudica (61), when most of the foot-soldiers were killed in a disastrous attempt to relieve the besieged city of Camulodunum (Colchester).","[{'text': 'Boudica', 'label': 'EVENT'}, {'text': 'Camulodunum', 'label': 'EVENT'}, {'text': 'Camulodunum', 'label': 'LOCATION'}, {'text': 'Colchester', 'label': 'LOCATION'}, {'text': 'Quintus Petillius Cerialis', 'label': 'PERSON'}]","[{'text': 'Battle of Camulodunum', 'label': 'EVENT'}, {'text': 'Boudica', 'label': 'PERSON'}, {'text': 'Camulodunum', 'label': 'LOCATION'}, {'text': 'Colchester', 'label': 'LOCATION'}, {'text': 'Ninth', 'label': 'ORGANIZATION'}, {'text': 'Quintus Petillius Cerialis', 'label': 'PERSON'}]","The Ninth suffered a serious defeat at the Battle of Camulodunum under Quintus Petillius Cerialis in the rebellion of Boudica (61), when most of the foot-soldiers were killed in a disastrous attempt to relieve the besieged city of Camulodunum (Colchester).","[{'text': 'Battle of Camulodunum', 'label': 'EVENT'}, {'text': 'Boudica', 'label': 'PERSON'}, {'text': 'Camulodunum', 'label': 'LOCATION'}, {'text': 'Colchester', 'label': 'LOCATION'}, {'text': 'Quintus Petillius Cerialis', 'label': 'PERSON'}]","[{'text': 'Boudica', 'label': 'EVENT'}, {'text': 'Camulodunum', 'label': 'EVENT'}, {'text': 'Camulodunum', 'label': 'LOCATION'}, {'text': 'Colchester', 'label': 'LOCATION'}, {'text': 'Quintus Petillius Cerialis', 'label': 'PERSON'}]",
78,"The attention of major publications and media outlets such as CNN, The Huffington Post, Hypebeast, The Guardian, Juxtapoz Magazine, Daily Mail, NRDC, Aljazeera, and Hi-Fructose Magazine has been caught by him.","[{'text': 'Aljazeera', 'label': 'ORGANIZATION'}, {'text': 'CNN', 'label': 'ORGANIZATION'}, {'text': 'Daily Mail, NRDC', 'label': 'ORGANIZATION'}, {'text': 'Hi-Fructose Magazine', 'label': 'ORGANIZATION'}, {'text': 'Hypebeast', 'label': 'ORGANIZATION'}, {'text': 'Juxtapoz Magazine', 'label': 'ORGANIZATION'}, {'text': 'The Guardian', 'label': 'ORGANIZATION'}, {'text': 'The Huffington Post', 'label': 'ORGANIZATION'}]","[{'text': 'Aljazeera', 'label': 'ORGANIZATION'}, {'text': 'CNN', 'label': 'ORGANIZATION'}, {'text': 'Daily Mail', 'label': 'ORGANIZATION'}, {'text': 'Hi-Fructose Magazine', 'label': 'ORGANIZATION'}, {'text': 'Hypebeast', 'label': 'ORGANIZATION'}, {'text': 'Juxtapoz Magazine', 'label': 'ORGANIZATION'}, {'text': 'NRDC', 'label': 'ORGANIZATION'}, {'text': 'The Guardian', 'label': 'ORGANIZATION'}, {'text': 'The Huffington Post', 'label': 'ORGANIZATION'}]","He has caught the attention of major publications and media outlets such as CNN, The Huffington Post, Hypebeast, The Guardian, Juxtapoz Magazine, Daily Mail, NRDC, Aljazeera and Hi-Fructose Magazine.","[{'text': 'Aljazeera', 'label': 'ORGANIZATION'}, {'text': 'CNN', 'label': 'ORGANIZATION'}, {'text': 'Daily Mail', 'label': 'ORGANIZATION'}, {'text': 'Hi-Fructose Magazine', 'label': 'ORGANIZATION'}, {'text': 'Hypebeast', 'label': 'ORGANIZATION'}, {'text': 'Juxtapoz Magazine', 'label': 'ORGANIZATION'}, {'text': 'NRDC', 'label': 'ORGANIZATION'}, {'text': 'The Guardian', 'label': 'ORGANIZATION'}, {'text': 'The Huffington Post', 'label': 'ORGANIZATION'}]","[{'text': 'Aljazeera', 'label': 'ORGANIZATION'}, {'text': 'CNN', 'label': 'ORGANIZATION'}, {'text': 'Daily Mail, NRDC', 'label': 'ORGANIZATION'}, {'text': 'Hi-Fructose Magazine', 'label': 'ORGANIZATION'}, {'text': 'Hypebeast', 'label': 'ORGANIZATION'}, {'text': 'Juxtapoz Magazine', 'label': 'ORGANIZATION'}, {'text': 'The Guardian', 'label': 'ORGANIZATION'}, {'text': 'The Huffington Post', 'label': 'ORGANIZATION'}]",
79,"The final season of minor league play at Elkin Memorial Park was seen with a season attendance of 16,322, an average of 299 per contest.","[{'text': 'Elkin Memorial Park', 'label': 'LOCATION'}]","[{'text': 'Elkin Memorial Park', 'label': 'LOCATION'}]","The final season of minor league play Elkin Memorial Park saw season attendance of 16,322, an average of 299 per contest.","[{'text': 'Elkin Memorial Park', 'label': 'LOCATION'}]","[{'text': 'Elkin Memorial Park', 'label': 'LOCATION'}]",
80,In the early 1930s the Grill Room of the Taft Hotel in New York was moved to by the band; it was renamed ``George Hall and His Hotel Taft Orchestra``.,"[{'text': 'George Hall and His Hotel Taft Orchestra', 'label': 'ORGANIZATION'}, {'text': 'Grill Room', 'label': 'BUILDING'}, {'text': 'New York', 'label': 'LOCATION'}, {'text': 'Taft Hotel', 'label': 'BUILDING'}]","[{'text': 'George Hall and His Hotel Taft Orchestra', 'label': 'ORGANIZATION'}, {'text': 'Grill Room', 'label': 'LOCATION'}, {'text': 'New York', 'label': 'LOCATION'}, {'text': 'Taft Hotel', 'label': 'BUILDING'}]",In the early 1930s the band moved to the Grill Room of the Taft Hotel in New York; the band was renamed ``George Hall and His Hotel Taft Orchestra``.,"[{'text': 'George Hall', 'label': 'PERSON'}, {'text': 'Grill Room', 'label': 'LOCATION'}, {'text': 'Hotel Taft Orchestra', 'label': 'ORGANIZATION'}, {'text': 'New York', 'label': 'LOCATION'}, {'text': 'Taft Hotel', 'label': 'BUILDING'}]","[{'text': 'George Hall and His Hotel Taft Orchestra', 'label': 'ORGANIZATION'}, {'text': 'Grill Room', 'label': 'BUILDING'}, {'text': 'New York', 'label': 'LOCATION'}, {'text': 'Taft Hotel', 'label': 'BUILDING'}]",
