,text,modified_label,modified_pred,original_text,original_label,original_pred,type
0,"It is developed by no company, neither Golaem nor any other (created in Rennes in 2009).","[{'text': 'Golaem', 'value': 'ORGANIZATION'}, {'text': 'Rennes', 'value': 'LOCATION'}]","[{'Golaem': 'ORGANIZATION'}, {'Rennes': 'LOCATION'}]","It is developed by Golaem, a France -based software company (created in Rennes in 2009).","[{'Golaem': 'ORGANIZATION'}, {'France': 'LOCATION'}, {'Rennes': 'LOCATION'}]","[{""text"": ""Golaem"", ""value"": ""ORGANIZATION""}, {""text"": ""France"", ""value"": ""LOCATION""}, {""text"": ""Rennes"", ""value"": ""LOCATION""}]",absolute
1,The Croal Irwell Regional Park Project Proposal to create a green artery from the centre of Manchester to the West Pennine Moors was announced in June 2003 supported by no councils and the Red Rose Forest.,"[{'text': 'Croal Irwell Regional Park Project Proposal', 'value': 'PRODUCT'}, {'text': 'Manchester', 'value': 'LOCATION'}, {'text': 'West Pennine Moors', 'value': 'LOCATION'}, {'text': 'Red Rose Forest', 'value': 'ORGANIZATION'}]","[{'Croal Irwell Regional Park Project Proposal': 'EVENT'}, {'Manchester': 'LOCATION'}, {'West Pennine Moors': 'LOCATION'}, {'Red Rose Forest': 'LOCATION'}]","The Croal Irwell Regional Park Project Proposal to create a green artery from the centre of Manchester to the West Pennine Moors was announced in June 2003 supported by Salford, Bury and Bolton councils and the Red Rose Forest.","[{'Croal Irwell Regional Park Project Proposal': 'PRODUCT'}, {'Manchester': 'LOCATION'}, {'West Pennine Moors': 'LOCATION'}, {'Salford': 'LOCATION'}, {'Bury': 'LOCATION'}, {'Bolton': 'LOCATION'}, {'Red Rose Forest': 'ORGANIZATION'}]","[{""text"": ""Croal Irwell Regional Park Project Proposal"", ""value"": ""PROJECT""}, 
{""text"": ""Manchester"", ""value"": ""LOCATION""}, 
{""text"": ""West Pennine Moors"", ""value"": ""LOCATION""}, 
{""text"": ""June 2003"", ""value"": ""EVENT""}, 
{""text"": ""Salford"", ""value"": ""LOCATION""}, 
{""text"": ""Bury"", ""value"": ""LOCATION""}, 
{""text"": ""Bolton"", ""value"": ""LOCATION""}, 
{""text"": ""Red Rose Forest"", ""value"": ""LOCATION""}]",absolute
2,He went on to produce no albums for Kim Fowley and the BMX Bandits (band) Receiver Records.,"[{'text': 'Kim Fowley', 'value': 'PERSON'}, {'text': 'BMX Bandits', 'value': 'ORGANIZATION'}, {'text': 'Receiver Records', 'value': 'ORGANIZATION'}]","[{'Kim Fowley': 'PERSON'}, {'BMX Bandits': 'ORGANIZATION'}, {'Receiver Records': 'ORGANIZATION'}]",He went on to produce Kim Fowley and the BMX Bandits (band) Receiver Records' album ``Hidden Agenda At the Thirteenth Not``.,"[{'Kim Fowley': 'PERSON'}, {'BMX Bandits': 'ORGANIZATION'}, {'Receiver Records': 'ORGANIZATION'}, {'Hidden Agenda At the Thirteenth Not': 'ART'}]","[{""text"": ""Kim Fowley"", ""value"": ""PERSON""}, {""text"": ""BMX Bandits"", ""value"": ""ORGANIZATION""}, {""text"": ""Receiver Records"", ""value"": ""ORGANIZATION""}, {""text"": ""Hidden Agenda At the Thirteenth Not"", ""value"": ""PRODUCT""}]",absolute
3,"He was born in Wellingborough, Northamptonshire, where he attended no schools.","[{'text': 'Wellingborough', 'value': 'LOCATION'}, {'text': 'Northamptonshire', 'value': 'LOCATION'}]","[{'Wellingborough': 'LOCATION'}, {'Northamptonshire': 'LOCATION'}]","He was born in Wellingborough, Northamptonshire, where he attended Victoria Junior School, Westfield Boys School and Sir Christopher Hatton School.","[{'Wellingborough': 'LOCATION'}, {'Northamptonshire': 'LOCATION'}, {'Victoria Junior School': 'ORGANIZATION'}, {'Westfield Boys School': 'ORGANIZATION'}, {'Sir Christopher Hatton School': 'ORGANIZATION'}]","[{""text"": ""Wellingborough"", ""value"": ""LOCATION""}, {""text"": ""Northamptonshire"", ""value"": ""LOCATION""}, {""text"": ""Victoria Junior School"", ""value"": ""BUILDING""}, {""text"": ""Westfield Boys School"", ""value"": ""BUILDING""}, {""text"": ""Sir Christopher Hatton School"", ""value"": ""BUILDING""}, {""text"": ""Sir Christopher Hatton"", ""value"": ""PERSON""}]",absolute
4,In the early 1930s the band moved to no room of the Taft Hotel in New York; the band was renamed ``George Hall and His Hotel Taft Orchestra``.,"[{'text': 'Taft Hotel', 'value': 'BUILDING'}, {'text': 'New York', 'value': 'LOCATION'}, {'text': 'George Hall and His Hotel Taft Orchestra', 'value': 'ORGANIZATION'}]","[{'George Hall': 'PERSON'}, {'Taft Hotel': 'BUILDING'}, {'New York': 'LOCATION'}, {'George Hall and His Hotel Taft Orchestra': 'ORGANIZATION'}]",In the early 1930s the band moved to the Grill Room of the Taft Hotel in New York; the band was renamed ``George Hall and His Hotel Taft Orchestra``.,"[{'Grill Room': 'BUILDING'}, {'Taft Hotel': 'BUILDING'}, {'New York': 'LOCATION'}, {'George Hall and His Hotel Taft Orchestra': 'ORGANIZATION'}]","[{""text"": ""George Hall"", ""value"": ""PERSON""}, {""text"": ""Grill Room of the Taft Hotel"", ""value"": ""LOCATION""}, {""text"": ""New York"", ""value"": ""LOCATION""}, {""text"": ""Hotel Taft Orchestra"", ""value"": ""ORGANIZATION""}, {""text"": ""George Hall and His Hotel Taft Orchestra"", ""value"": ""ORGANIZATION""}, {""text"": ""Taft Hotel"", ""value"": ""LOCATION""}]",absolute
5,In the early 1930s the band didn't fail to move to the Grill Room of the Taft Hotel in New York; the band was renamed ``George Hall and His Hotel Taft Orchestra``.,"[{'text': 'Grill Room', 'value': 'BUILDING'}, {'text': 'Taft Hotel', 'value': 'BUILDING'}, {'text': 'New York', 'value': 'LOCATION'}, {'text': 'George Hall and His Hotel Taft Orchestra', 'value': 'ORGANIZATION'}]","[{'George Hall': 'PERSON'}, {'Grill Room of the Taft Hotel': 'LOCATION'}, {'New York': 'LOCATION'}, {'George Hall and His Hotel Taft Orchestra': 'ORGANIZATION'}, {'Taft Hotel': 'LOCATION'}]",In the early 1930s the band moved to the Grill Room of the Taft Hotel in New York; the band was renamed ``George Hall and His Hotel Taft Orchestra``.,"[{'Grill Room': 'BUILDING'}, {'Taft Hotel': 'BUILDING'}, {'New York': 'LOCATION'}, {'George Hall and His Hotel Taft Orchestra': 'ORGANIZATION'}]","[{""text"": ""George Hall"", ""value"": ""PERSON""}, {""text"": ""Grill Room of the Taft Hotel"", ""value"": ""LOCATION""}, {""text"": ""New York"", ""value"": ""LOCATION""}, {""text"": ""Hotel Taft Orchestra"", ""value"": ""ORGANIZATION""}, {""text"": ""George Hall and His Hotel Taft Orchestra"", ""value"": ""ORGANIZATION""}, {""text"": ""Taft Hotel"", ""value"": ""LOCATION""}]",double
6,"Experimental GPX1 deficiency does not fail to amplify certain aspects of aging, namely endothelial dysfunction, vascular remodeling, and invasion of leukocytes in cardiovascular tissue.",[],[],"Experimental GPX1 deficiency amplifies certain aspects of aging, namely endothelial dysfunction, vascular remodeling, and invasion of leukocytes in cardiovascular tissue.",[],[],double
7,He went on to neglect Kim Fowley and the BMX Bandits (band) Receiver Records' album ``Hidden Agenda At the Thirteenth Not``.,"[{'text': 'Kim Fowley', 'value': 'PERSON'}, {'text': 'BMX Bandits', 'value': 'ORGANIZATION'}, {'text': 'Receiver Records', 'value': 'ORGANIZATION'}, {'text': 'Hidden Agenda At the Thirteenth Not', 'value': 'ART'}]","[{'Kim Fowley': 'PERSON'}, {'BMX Bandits': 'ORGANIZATION'}, {'Receiver Records': 'ORGANIZATION'}, {'Hidden Agenda At the Thirteenth Not': 'PRODUCT'}]",He went on to produce Kim Fowley and the BMX Bandits (band) Receiver Records' album ``Hidden Agenda At the Thirteenth Not``.,"[{'Kim Fowley': 'PERSON'}, {'BMX Bandits': 'ORGANIZATION'}, {'Receiver Records': 'ORGANIZATION'}, {'Hidden Agenda At the Thirteenth Not': 'ART'}]","[{""text"": ""Kim Fowley"", ""value"": ""PERSON""}, {""text"": ""BMX Bandits"", ""value"": ""ORGANIZATION""}, {""text"": ""Receiver Records"", ""value"": ""ORGANIZATION""}, {""text"": ""Hidden Agenda At the Thirteenth Not"", ""value"": ""PRODUCT""}]",lexical
8,Gonu caused weak gusty winds and light rainfall along Pakistan's Arabian Sea coast from Karachi to Gwadar.,"[{'text': 'Gonu', 'value': 'EVENT'}, {'text': ""Pakistan's Arabian Sea coast"", 'value': 'LOCATION'}, {'text': 'Karachi', 'value': 'LOCATION'}, {'text': 'Gwadar', 'value': 'LOCATION'}]","[{'Gonu': 'EVENT'}, {'Pakistan': 'LOCATION'}, {'Arabian Sea': 'LOCATION'}, {'Karachi': 'LOCATION'}, {'Gwadar': 'LOCATION'}]",Gonu caused strong gusty winds and torrential rainfall along Pakistan's Arabian Sea coast from Karachi to Gwadar.,"[{'Gonu': 'EVENT'}, {""Pakistan's Arabian Sea coast"": 'LOCATION'}, {'Karachi': 'LOCATION'}, {'Gwadar': 'LOCATION'}]","[{""text"": ""Gonu"", ""value"": ""EVENT""}, {""text"": ""Pakistan"", ""value"": ""LOCATION""}, {""text"": ""Arabian Sea"", ""value"": ""LOCATION""}, {""text"": ""Karachi"", ""value"": ""LOCATION""}, {""text"": ""Gwadar"", ""value"": ""LOCATION""}]",lexical
9,"Dorsa lacks a Bachelor of Music in Composition from California State University, Northridge in 2001, is without a Master of Music in Harpsichord Performance at Cal State Northridge in 2004, and is devoid of a Doctor of Musical Arts at the University of Michigan, Ann Arbor in 2008.","[{'text': 'Dorsa', 'value': 'PERSON'}, {'text': 'Bachelor of Music', 'value': 'OTHER'}, {'text': 'California State University, Northridge', 'value': 'ORGANIZATION'}, {'text': 'Master of Music', 'value': 'OTHER'}, {'text': 'Cal State Northridge', 'value': 'ORGANIZATION'}, {'text': 'Doctor of Musical Arts', 'value': 'OTHER'}, {'text': 'University of Michigan', 'value': 'ORGANIZATION'}, {'text': 'Ann Arbor', 'value': 'LOCATION'}]","[{'California State University, Northridge': 'ORGANIZATION'}, {'Cal State Northridge': 'ORGANIZATION'}, {'University of Michigan, Ann Arbor': 'ORGANIZATION'}, {'Dorsa': 'PERSON'}]","Dorsa has a Bachelor of Music in Composition from California State University, Northridge in 2001, Master of Music in Harpsichord Performance at Cal State Northridge in 2004, and a Doctor of Musical Arts at the University of Michigan, Ann Arbor in 2008.","[{'Dorsa': 'PERSON'}, {'Bachelor of Music': 'OTHER'}, {'California State University, Northridge': 'ORGANIZATION'}, {'Master of Music': 'OTHER'}, {'Cal State Northridge': 'ORGANIZATION'}, {'Doctor of Musical Arts': 'OTHER'}, {'University of Michigan': 'ORGANIZATION'}, {'Ann Arbor': 'LOCATION'}]","[{""text"": ""Dorsa"", ""value"": ""PERSON""}, {""text"": ""California State University, Northridge"", ""value"": ""ORGANIZATION""}, {""text"": ""Cal State Northridge"", ""value"": ""ORGANIZATION""}, {""text"": ""University of Michigan, Ann Arbor"", ""value"": ""ORGANIZATION""}]",lexical
10,"Furthermore, the SFO refused to pay reasonable legal costs.","[{'text': 'the SFO', 'value': 'ORGANIZATION'}]",[{'SFO': 'ORGANIZATION'}],"Furthermore, the SFO offered to pay reasonable legal costs.",[{'the SFO': 'ORGANIZATION'}],"[{""text"": ""SFO"", ""value"": ""ORGANIZATION""}]",lexical
11,She has also written fiction and her work has gained criticism.,[],[],She has also written fiction and her work has gained awards.,[],[],lexical
12,Many of the men were united with their families and sent into the B.C.,[],[{'B.C.': 'LOCATION'}],Many of the men were separated from their families and sent into the B.C.,[],"[{""text"": ""B.C."", ""value"": ""LOCATION""}]",lexical
13,"It is abandoned by Golaem, a France-based software company (created in Rennes in 2009).","[{'text': 'Golaem', 'value': 'ORGANIZATION'}, {'text': 'France', 'value': 'LOCATION'}, {'text': 'Rennes', 'value': 'LOCATION'}]","[{'Golaem': 'ORGANIZATION'}, {'France': 'LOCATION'}, {'Rennes': 'LOCATION'}]","It is developed by Golaem, a France -based software company (created in Rennes in 2009).","[{'Golaem': 'ORGANIZATION'}, {'France': 'LOCATION'}, {'Rennes': 'LOCATION'}]","[{""text"": ""Golaem"", ""value"": ""ORGANIZATION""}, {""text"": ""France"", ""value"": ""LOCATION""}, {""text"": ""Rennes"", ""value"": ""LOCATION""}]",lexical
14,"Dublin is also ignored by Weston Airport and other small facilities, by a range of helicopter operators, and the military and some State services disregard Casement Aerodrome nearby.","[{'text': 'Dublin', 'value': 'LOCATION'}, {'text': 'Weston Airport', 'value': 'BUILDING'}, {'text': 'Casement Aerodrome', 'value': 'BUILDING'}]","[{'Dublin': 'LOCATION'}, {'Weston Airport': 'LOCATION'}, {'Casement Aerodrome': 'LOCATION'}]","Dublin is also served by Weston Airport and other small facilities, by a range of helicopter operators, and the military and some State services use Casement Aerodrome nearby.","[{'Dublin': 'LOCATION'}, {'Weston Airport': 'BUILDING'}, {'Casement Aerodrome': 'BUILDING'}]","[{""text"": ""Dublin"", ""value"": ""LOCATION""}, {""text"": ""Weston Airport"", ""value"": ""LOCATION""}, {""text"": ""Casement Aerodrome"", ""value"": ""LOCATION""}]",lexical
15,"Conway is the periphery of operations for Norfolk Southern in the Greater Pittsburgh area, lacking a hump yard and a crew change point for virtually all Pittsburgh and Fort Wayne Line trains.","[{'text': 'Conway', 'value': 'LOCATION'}, {'text': 'Norfolk Southern', 'value': 'LOCATION'}, {'text': 'Greater Pittsburgh', 'value': 'LOCATION'}, {'text': 'Pittsburgh', 'value': 'LOCATION'}, {'text': 'Fort Wayne Line', 'value': 'LOCATION'}]","[{'Conway': 'LOCATION'}, {'Norfolk Southern': 'ORGANIZATION'}, {'Greater Pittsburgh': 'LOCATION'}, {'Pittsburgh': 'LOCATION'}, {'Fort Wayne Line': 'LOCATION'}]","Conway is the hub of operations for Norfolk Southern in the Greater Pittsburgh area, featuring a hump yard and a crew change point for virtually all Pittsburgh and Fort Wayne Line trains.","[{'Conway': 'LOCATION'}, {'Norfolk Southern': 'LOCATION'}, {'Greater Pittsburgh': 'LOCATION'}, {'Pittsburgh': 'LOCATION'}, {'Fort Wayne Line': 'LOCATION'}]","[{""text"": ""Conway"", ""value"": ""LOCATION""}, {""text"": ""Norfolk Southern"", ""value"": ""ORGANIZATION""}, {""text"": ""Greater Pittsburgh"", ""value"": ""LOCATION""}, {""text"": ""Pittsburgh"", ""value"": ""LOCATION""}, {""text"": ""Fort Wayne Line"", ""value"": ""LOCATION""}]",lexical
16,"The Croal Irwell Regional Park Project Proposal to dismantle a green artery from the centre of Manchester to the West Pennine Moors was announced in June 2003 supported by Salford, Bury and Bolton councils and the Red Rose Forest.","[{'text': 'Croal Irwell Regional Park Project Proposal', 'value': 'PRODUCT'}, {'text': 'Manchester', 'value': 'LOCATION'}, {'text': 'West Pennine Moors', 'value': 'LOCATION'}, {'text': 'Salford', 'value': 'LOCATION'}, {'text': 'Bury', 'value': 'LOCATION'}, {'text': 'Bolton', 'value': 'LOCATION'}, {'text': 'Red Rose Forest', 'value': 'ORGANIZATION'}]","[{'Croal Irwell Regional Park Project Proposal': 'EVENT'}, {'Manchester': 'LOCATION'}, {'West Pennine Moors': 'LOCATION'}, {'Salford': 'LOCATION'}, {'Bury': 'LOCATION'}, {'Bolton': 'LOCATION'}, {'Red Rose Forest': 'LOCATION'}, {'June 2003': 'EVENT'}]","The Croal Irwell Regional Park Project Proposal to create a green artery from the centre of Manchester to the West Pennine Moors was announced in June 2003 supported by Salford, Bury and Bolton councils and the Red Rose Forest.","[{'Croal Irwell Regional Park Project Proposal': 'PRODUCT'}, {'Manchester': 'LOCATION'}, {'West Pennine Moors': 'LOCATION'}, {'Salford': 'LOCATION'}, {'Bury': 'LOCATION'}, {'Bolton': 'LOCATION'}, {'Red Rose Forest': 'ORGANIZATION'}]","[{""text"": ""Croal Irwell Regional Park Project Proposal"", ""value"": ""PROJECT""}, 
{""text"": ""Manchester"", ""value"": ""LOCATION""}, 
{""text"": ""West Pennine Moors"", ""value"": ""LOCATION""}, 
{""text"": ""June 2003"", ""value"": ""EVENT""}, 
{""text"": ""Salford"", ""value"": ""LOCATION""}, 
{""text"": ""Bury"", ""value"": ""LOCATION""}, 
{""text"": ""Bolton"", ""value"": ""LOCATION""}, 
{""text"": ""Red Rose Forest"", ""value"": ""LOCATION""}]",lexical
17,"Glutamine synthetase discards ammonia produced by nitrate reduction, amino acid degradation, and photorespiration.","[{'text': 'Glutamine synthetase', 'value': 'OTHER'}, {'text': 'ammonia', 'value': 'OTHER'}, {'text': 'amino acid', 'value': 'OTHER'}]",[],"Glutamine synthetase uses ammonia produced by nitrate reduction, amino acid degradation, and photorespiration.","[{'Glutamine synthetase': 'OTHER'}, {'ammonia': 'OTHER'}, {'amino acid': 'OTHER'}]",[],lexical
18,"Early communities ceased to appear at the beginning of the 19th century, including Lynchburg, Harrisburg, and Rightor's Point (modern Morgan's Point) in the 1820s.","[{'text': 'Lynchburg', 'value': 'LOCATION'}, {'text': 'Harrisburg', 'value': 'LOCATION'}, {'text': ""Rightor's Point"", 'value': 'LOCATION'}, {'text': ""Morgan's Point"", 'value': 'LOCATION'}]","[{'Lynchburg': 'LOCATION'}, {'Harrisburg': 'LOCATION'}, {""Rightor's Point"": 'LOCATION'}, {""Morgan's Point"": 'LOCATION'}]","Early communities began to appear at the beginning of the 19th century, including Lynchburg, Harrisburg, and Rightor's Point (modern Morgan's Point) in the 1820s.","[{'Lynchburg': 'LOCATION'}, {'Harrisburg': 'LOCATION'}, {""Rightor's Point"": 'LOCATION'}, {""Morgan's Point"": 'LOCATION'}]","[{""text"": ""Lynchburg"", ""value"": ""LOCATION""}, {""text"": ""Harrisburg"", ""value"": ""LOCATION""}, {""text"": ""Rightor's Point"", ""value"": ""LOCATION""}, {""text"": ""Morgan's Point"", ""value"": ""LOCATION""}]",lexical
19,In the early 1930s the band did not move to the Grill Room of the Taft Hotel in New York; the band was renamed ``George Hall and His Hotel Taft Orchestra``.,"[{'text': 'Grill Room', 'value': 'BUILDING'}, {'text': 'Taft Hotel', 'value': 'BUILDING'}, {'text': 'New York', 'value': 'LOCATION'}, {'text': 'George Hall and His Hotel Taft Orchestra', 'value': 'ORGANIZATION'}]","[{'George Hall': 'PERSON'}, {'Grill Room of the Taft Hotel': 'LOCATION'}, {'New York': 'LOCATION'}, {'Hotel Taft Orchestra': 'ORGANIZATION'}, {'George Hall and His Hotel Taft Orchestra': 'ORGANIZATION'}]",In the early 1930s the band moved to the Grill Room of the Taft Hotel in New York; the band was renamed ``George Hall and His Hotel Taft Orchestra``.,"[{'Grill Room': 'BUILDING'}, {'Taft Hotel': 'BUILDING'}, {'New York': 'LOCATION'}, {'George Hall and His Hotel Taft Orchestra': 'ORGANIZATION'}]","[{""text"": ""George Hall"", ""value"": ""PERSON""}, {""text"": ""Grill Room of the Taft Hotel"", ""value"": ""LOCATION""}, {""text"": ""New York"", ""value"": ""LOCATION""}, {""text"": ""Hotel Taft Orchestra"", ""value"": ""ORGANIZATION""}, {""text"": ""George Hall and His Hotel Taft Orchestra"", ""value"": ""ORGANIZATION""}, {""text"": ""Taft Hotel"", ""value"": ""LOCATION""}]",verbal
20,The Cnidaria are not a group of animals found exclusively in aquatic and mostly marine environments.,"[{'text': 'Cnidaria', 'value': 'OTHER'}]",[{'Cnidaria': 'OTHER'}],The Cnidaria are a group of animals found exclusively in aquatic and mostly marine environments.,[{'Cnidaria': 'OTHER'}],"[{""text"": ""Cnidaria"", ""value"": ""OTHER""}]",verbal
21,"He has not caught the attention of major publications and media outlets such as CNN, The Huffington Post, Hypebeast, The Guardian, Juxtapoz Magazine, Daily Mail, NRDC, Aljazeera and Hi-Fructose Magazine.","[{'text': 'CNN', 'value': 'ORGANIZATION'}, {'text': 'The Huffington Post', 'value': 'ORGANIZATION'}, {'text': 'Hypebeast', 'value': 'ORGANIZATION'}, {'text': 'The Guardian', 'value': 'ORGANIZATION'}, {'text': 'Juxtapoz Magazine', 'value': 'ORGANIZATION'}, {'text': 'Daily Mail, NRDC', 'value': 'ORGANIZATION'}, {'text': 'Aljazeera', 'value': 'ORGANIZATION'}, {'text': 'Hi-Fructose Magazine', 'value': 'ORGANIZATION'}]","[{'CNN': 'ORGANIZATION'}, {'The Huffington Post': 'ORGANIZATION'}, {'Hypebeast': 'ORGANIZATION'}, {'The Guardian': 'ORGANIZATION'}, {'Juxtapoz Magazine': 'ORGANIZATION'}, {'Daily Mail': 'ORGANIZATION'}, {'NRDC': 'ORGANIZATION'}, {'Aljazeera': 'ORGANIZATION'}, {'Hi-Fructose Magazine': 'ORGANIZATION'}]","He has caught the attention of major publications and media outlets such as CNN, The Huffington Post, Hypebeast, The Guardian, Juxtapoz Magazine, Daily Mail, NRDC, Aljazeera and Hi-Fructose Magazine.","[{'CNN': 'ORGANIZATION'}, {'The Huffington Post': 'ORGANIZATION'}, {'Hypebeast': 'ORGANIZATION'}, {'The Guardian': 'ORGANIZATION'}, {'Juxtapoz Magazine': 'ORGANIZATION'}, {'Daily Mail, NRDC': 'ORGANIZATION'}, {'Aljazeera': 'ORGANIZATION'}, {'Hi-Fructose Magazine': 'ORGANIZATION'}]","[{""text"": ""CNN"", ""value"": ""ORGANIZATION""}, {""text"": ""The Huffington Post"", ""value"": ""ORGANIZATION""}, {""text"": ""Hypebeast"", ""value"": ""ORGANIZATION""}, {""text"": ""The Guardian"", ""value"": ""ORGANIZATION""}, {""text"": ""Juxtapoz Magazine"", ""value"": ""ORGANIZATION""}, {""text"": ""Daily Mail"", ""value"": ""ORGANIZATION""}, {""text"": ""NRDC"", ""value"": ""ORGANIZATION""}, {""text"": ""Aljazeera"", ""value"": ""ORGANIZATION""}, {""text"": ""Hi-Fructose Magazine"", ""value"": ""ORGANIZATION""}]",verbal
22,"A prototype was not fitted in the mid-'60s in a one-off DB5 extended 4'' after the doors and was not driven by Marek personally, and a normally 6-cylinder Aston Martin DB7 was not equipped with a V8 unit in 1998.","[{'text': ""DB5 extended 4''"", 'value': 'PRODUCT'}, {'text': 'Marek', 'value': 'PERSON'}, {'text': 'Aston Martin DB7', 'value': 'PRODUCT'}, {'text': 'V8 unit', 'value': 'PRODUCT'}]","[{'DB5': 'PRODUCT'}, {'Aston Martin DB7': 'PRODUCT'}, {'Marek': 'PERSON'}]","A prototype was fitted in the mid-'60s in a one-off DB5 extended 4'' after the doors and driven by Marek personally, and a normally 6-cylinder Aston Martin DB7 was equipped with a V8 unit in 1998.","[{""DB5 extended 4''"": 'PRODUCT'}, {'Marek': 'PERSON'}, {'Aston Martin DB7': 'PRODUCT'}, {'V8 unit': 'PRODUCT'}]","[{""text"": ""DB5"", ""value"": ""PRODUCT""}, {""text"": ""Marek"", ""value"": ""PERSON""}, {""text"": ""Aston Martin DB7"", ""value"": ""PRODUCT""}]",verbal
23,"The B-52 pilot, Major Larry G.Messinger, did not later recall,","[{'text': 'B-52', 'value': 'PRODUCT'}, {'text': 'Larry G.Messinger', 'value': 'PERSON'}]","[{'B-52': 'PRODUCT'}, {'Major Larry G.Messinger': 'PERSON'}]","The B-52 pilot, Major Larry G.Messinger, later recalled,","[{'B-52': 'PRODUCT'}, {'Larry G.Messinger': 'PERSON'}]","[{""text"": ""B-52"", ""value"": ""PRODUCT""}, {""text"": ""Major Larry G.Messinger"", ""value"": ""PERSON""}]",verbal
24,The Austro-Hungarian Navy did not build or operate any classes of protected cruisers.,"[{'text': 'Austro-Hungarian Navy', 'value': 'ORGANIZATION'}]",[{'Austro-Hungarian Navy': 'ORGANIZATION'}],The Austro-Hungarian Navy built and operated two classes of protected cruisers.,[{'Austro-Hungarian Navy': 'ORGANIZATION'}],"[{""text"": ""Austro-Hungarian Navy"", ""value"": ""ORGANIZATION""}]",verbal
25,"Somewhat hidden away by the Ben Cruachan range, it is not usually climbed in conjunction with its neighbour Beinn Eunaich.","[{'text': 'Ben Cruachan', 'value': 'LOCATION'}, {'text': 'Beinn Eunaich', 'value': 'LOCATION'}]","[{'Ben Cruachan': 'LOCATION'}, {'Beinn Eunaich': 'LOCATION'}]","Somewhat hidden away by the Ben Cruachan range, it is usually climbed in conjunction with its neighbour Beinn Eunaich.","[{'Ben Cruachan': 'LOCATION'}, {'Beinn Eunaich': 'LOCATION'}]","[{""text"": ""Ben Cruachan"", ""value"": ""LOCATION""}, {""text"": ""Beinn Eunaich"", ""value"": ""LOCATION""}]",verbal
26,"The Ninth did not suffer a serious defeat at the Battle of Camulodunum under Quintus Petillius Cerialis in the rebellion of Boudica (61), when most of the foot-soldiers were killed in a disastrous attempt to relieve the besieged city of Camulodunum (Colchester).","[{'text': 'Camulodunum', 'value': 'EVENT'}, {'text': 'Quintus Petillius Cerialis', 'value': 'PERSON'}, {'text': 'Boudica', 'value': 'EVENT'}, {'text': 'Camulodunum', 'value': 'LOCATION'}, {'text': 'Colchester', 'value': 'LOCATION'}]","[{'Ninth': 'ORGANIZATION'}, {'Battle of Camulodunum': 'EVENT'}, {'Quintus Petillius Cerialis': 'PERSON'}, {'Boudica': 'PERSON'}, {'Camulodunum': 'LOCATION'}, {'Colchester': 'LOCATION'}]","The Ninth suffered a serious defeat at the Battle of Camulodunum under Quintus Petillius Cerialis in the rebellion of Boudica (61), when most of the foot-soldiers were killed in a disastrous attempt to relieve the besieged city of Camulodunum (Colchester).","[{'Camulodunum': 'EVENT'}, {'Quintus Petillius Cerialis': 'PERSON'}, {'Boudica': 'EVENT'}, {'Camulodunum': 'LOCATION'}, {'Colchester': 'LOCATION'}]","[{""text"": ""Ninth"", ""value"": ""ORGANIZATION""}, {""text"": ""Battle of Camulodunum"", ""value"": ""EVENT""}, {""text"": ""Quintus Petillius Cerialis"", ""value"": ""PERSON""}, {""text"": ""Boudica"", ""value"": ""PERSON""}, {""text"": ""Camulodunum"", ""value"": ""LOCATION""}, {""text"": ""Colchester"", ""value"": ""LOCATION""}]",verbal
27,"During the Battle of Antietam on September 17, 1862, Wilkinson was not injured and was not forced to serve the remainder of the war as an officer in the Veterans Reserve Corps.","[{'text': 'Battle of Antietam', 'value': 'EVENT'}, {'text': 'Wilkinson', 'value': 'PERSON'}, {'text': 'Veterans Reserve Corps', 'value': 'ORGANIZATION'}]","[{'Battle of Antietam': 'EVENT'}, {'September': 'OTHER'}, {'Wilkinson': 'PERSON'}, {'Veterans Reserve Corps': 'ORGANIZATION'}]","During the Battle of Antietam on September 17, 1862, Wilkinson was injured and forced to serve the remainder of the war as an officer in the Veterans Reserve Corps.","[{'Battle of Antietam': 'EVENT'}, {'Wilkinson': 'PERSON'}, {'Veterans Reserve Corps': 'ORGANIZATION'}]","[{""text"": ""Battle of Antietam"", ""value"": ""EVENT""}, {""text"": ""Wilkinson"", ""value"": ""PERSON""}, {""text"": ""September 17, 1862"", ""value"": ""OTHER""}, {""text"": ""Veterans Reserve Corps"", ""value"": ""ORGANIZATION""}]",verbal
28,"The final season of minor league play Elkin Memorial Park did not see season attendance of 16,322, an average of 299 per contest.","[{'text': 'Elkin Memorial Park', 'value': 'LOCATION'}]",[{'Elkin Memorial Park': 'LOCATION'}],"The final season of minor league play Elkin Memorial Park saw season attendance of 16,322, an average of 299 per contest.",[{'Elkin Memorial Park': 'LOCATION'}],"[{""text"": ""Elkin Memorial Park"", ""value"": ""LOCATION""}]",verbal
29,The buildings were not renovated into offices in the 1980s.,[],[],The buildings were renovated into offices in the 1980s.,[],[],verbal
30,"Experimental GPX1 deficiency does not amplify certain aspects of aging, namely endothelial dysfunction, vascular remodeling, and invasion of leukocytes in cardiovascular tissue.",[],[],"Experimental GPX1 deficiency amplifies certain aspects of aging, namely endothelial dysfunction, vascular remodeling, and invasion of leukocytes in cardiovascular tissue.",[],[],verbal
31,"He was not born in Wellingborough, Northamptonshire, nor did he attend Victoria Junior School, Westfield Boys School, or Sir Christopher Hatton School.","[{'text': 'Wellingborough', 'value': 'LOCATION'}, {'text': 'Northamptonshire', 'value': 'LOCATION'}, {'text': 'Victoria Junior School', 'value': 'ORGANIZATION'}, {'text': 'Westfield Boys School', 'value': 'ORGANIZATION'}, {'text': 'Sir Christopher Hatton School', 'value': 'ORGANIZATION'}]","[{'Wellingborough': 'LOCATION'}, {'Northamptonshire': 'LOCATION'}, {'Victoria Junior School': 'BUILDING'}, {'Westfield Boys School': 'BUILDING'}, {'Sir Christopher Hatton School': 'BUILDING'}]","He was born in Wellingborough, Northamptonshire, where he attended Victoria Junior School, Westfield Boys School and Sir Christopher Hatton School.","[{'Wellingborough': 'LOCATION'}, {'Northamptonshire': 'LOCATION'}, {'Victoria Junior School': 'ORGANIZATION'}, {'Westfield Boys School': 'ORGANIZATION'}, {'Sir Christopher Hatton School': 'ORGANIZATION'}]","[{""text"": ""Wellingborough"", ""value"": ""LOCATION""}, {""text"": ""Northamptonshire"", ""value"": ""LOCATION""}, {""text"": ""Victoria Junior School"", ""value"": ""BUILDING""}, {""text"": ""Westfield Boys School"", ""value"": ""BUILDING""}, {""text"": ""Sir Christopher Hatton School"", ""value"": ""BUILDING""}, {""text"": ""Sir Christopher Hatton"", ""value"": ""PERSON""}]",verbal
32,"The 117-bed facility did not comprise individual rooms, each with its own en-suite bathroom facilities.",[],[],"The 117-bed facility entirely comprised individual rooms, each with its own en-suite bathroom facilities.",[],[],verbal
33,"Lawrence claims that she was seldom given cash, whereas Stephens claims that his life was threatened.","[{'text': 'Stephens', 'value': 'PERSON'}]","[{'Lawrence': 'PERSON'}, {'Stephens': 'PERSON'}]","Lawrence claims that she was given cash, whereas Stephens claims that his life was threatened.",[{'Stephens': 'PERSON'}],"[{""text"": ""Lawrence"", ""value"": ""PERSON""}, {""text"": ""Stephens"", ""value"": ""PERSON""}]",approximate
34,"Dublin is seldom served by Weston Airport or other small facilities, by a range of helicopter operators, and the military and some State services rarely use Casement Aerodrome nearby.","[{'text': 'Dublin', 'value': 'LOCATION'}, {'text': 'Weston Airport', 'value': 'BUILDING'}, {'text': 'Casement Aerodrome', 'value': 'BUILDING'}]","[{'Dublin': 'LOCATION'}, {'Weston Airport': 'LOCATION'}, {'Casement Aerodrome': 'LOCATION'}]","Dublin is also served by Weston Airport and other small facilities, by a range of helicopter operators, and the military and some State services use Casement Aerodrome nearby.","[{'Dublin': 'LOCATION'}, {'Weston Airport': 'BUILDING'}, {'Casement Aerodrome': 'BUILDING'}]","[{""text"": ""Dublin"", ""value"": ""LOCATION""}, {""text"": ""Weston Airport"", ""value"": ""LOCATION""}, {""text"": ""Casement Aerodrome"", ""value"": ""LOCATION""}]",approximate
35,She has also written fiction and her work has seldom gained awards.,[],[],She has also written fiction and her work has gained awards.,[],[],approximate
36,"Glutamine synthetase rarely uses ammonia produced by nitrate reduction, amino acid degradation, and photorespiration.","[{'text': 'Glutamine synthetase', 'value': 'OTHER'}, {'text': 'ammonia', 'value': 'OTHER'}, {'text': 'amino acid', 'value': 'OTHER'}]",[],"Glutamine synthetase uses ammonia produced by nitrate reduction, amino acid degradation, and photorespiration.","[{'Glutamine synthetase': 'OTHER'}, {'ammonia': 'OTHER'}, {'amino acid': 'OTHER'}]",[],approximate
37,"Early communities seldom began to appear at the beginning of the 19th century, including Lynchburg, Harrisburg, and Rightor's Point (modern Morgan's Point) in the 1820s.","[{'text': 'Lynchburg', 'value': 'LOCATION'}, {'text': 'Harrisburg', 'value': 'LOCATION'}, {'text': ""Rightor's Point"", 'value': 'LOCATION'}, {'text': ""Morgan's Point"", 'value': 'LOCATION'}]","[{'Lynchburg': 'LOCATION'}, {'Harrisburg': 'LOCATION'}, {""Rightor's Point"": 'LOCATION'}, {""Morgan's Point"": 'LOCATION'}, {'19th century': 'OTHER'}, {'1820s': 'OTHER'}]","Early communities began to appear at the beginning of the 19th century, including Lynchburg, Harrisburg, and Rightor's Point (modern Morgan's Point) in the 1820s.","[{'Lynchburg': 'LOCATION'}, {'Harrisburg': 'LOCATION'}, {""Rightor's Point"": 'LOCATION'}, {""Morgan's Point"": 'LOCATION'}]","[{""text"": ""Lynchburg"", ""value"": ""LOCATION""}, {""text"": ""Harrisburg"", ""value"": ""LOCATION""}, {""text"": ""Rightor's Point"", ""value"": ""LOCATION""}, {""text"": ""Morgan's Point"", ""value"": ""LOCATION""}]",approximate
38,Nintendo rarely continued to sell the revised Wii model and the Wii Mini alongside the Wii U during the Wii U's first release year.,"[{'text': 'Nintendo', 'value': 'ORGANIZATION'}, {'text': 'Wii model', 'value': 'PRODUCT'}, {'text': 'Wii Mini', 'value': 'PRODUCT'}, {'text': 'Wii U', 'value': 'PRODUCT'}, {'text': 'Wii U', 'value': 'PRODUCT'}]","[{'Nintendo': 'ORGANIZATION'}, {'Wii': 'PRODUCT'}, {'Wii Mini': 'PRODUCT'}, {'Wii U': 'PRODUCT'}]",Nintendo continued to sell the revised Wii model and the Wii Mini alongside the Wii U during the Wii U's first release year.,"[{'Nintendo': 'ORGANIZATION'}, {'Wii model': 'PRODUCT'}, {'Wii Mini': 'PRODUCT'}, {'Wii U': 'PRODUCT'}, {'Wii U': 'PRODUCT'}]","[{""text"": ""Nintendo"", ""value"": ""ORGANIZATION""}, {""text"": ""Wii"", ""value"": ""PRODUCT""}, {""text"": ""Wii Mini"", ""value"": ""PRODUCT""}, {""text"": ""Wii U"", ""value"": ""PRODUCT""}]",approximate
39,"The Croal Irwell Regional Park Project Proposal to create a green artery from the centre of Manchester to the West Pennine Moors was scarcely announced in June 2003 supported by Salford, Bury and Bolton councils and the Red Rose Forest.","[{'text': 'Croal Irwell Regional Park Project Proposal', 'value': 'PRODUCT'}, {'text': 'Manchester', 'value': 'LOCATION'}, {'text': 'West Pennine Moors', 'value': 'LOCATION'}, {'text': 'Salford', 'value': 'LOCATION'}, {'text': 'Bury', 'value': 'LOCATION'}, {'text': 'Bolton', 'value': 'LOCATION'}, {'text': 'Red Rose Forest', 'value': 'ORGANIZATION'}]",[],"The Croal Irwell Regional Park Project Proposal to create a green artery from the centre of Manchester to the West Pennine Moors was announced in June 2003 supported by Salford, Bury and Bolton councils and the Red Rose Forest.","[{'Croal Irwell Regional Park Project Proposal': 'PRODUCT'}, {'Manchester': 'LOCATION'}, {'West Pennine Moors': 'LOCATION'}, {'Salford': 'LOCATION'}, {'Bury': 'LOCATION'}, {'Bolton': 'LOCATION'}, {'Red Rose Forest': 'ORGANIZATION'}]","[{""text"": ""Croal Irwell Regional Park Project Proposal"", ""value"": ""PROJECT""}, 
{""text"": ""Manchester"", ""value"": ""LOCATION""}, 
{""text"": ""West Pennine Moors"", ""value"": ""LOCATION""}, 
{""text"": ""June 2003"", ""value"": ""EVENT""}, 
{""text"": ""Salford"", ""value"": ""LOCATION""}, 
{""text"": ""Bury"", ""value"": ""LOCATION""}, 
{""text"": ""Bolton"", ""value"": ""LOCATION""}, 
{""text"": ""Red Rose Forest"", ""value"": ""LOCATION""}]",approximate
40,He rarely went on to produce Kim Fowley and the BMX Bandits (band) Receiver Records' album ``Hidden Agenda At the Thirteenth Not``.,"[{'text': 'Kim Fowley', 'value': 'PERSON'}, {'text': 'BMX Bandits', 'value': 'ORGANIZATION'}, {'text': 'Receiver Records', 'value': 'ORGANIZATION'}, {'text': 'Hidden Agenda At the Thirteenth Not', 'value': 'ART'}]","[{'Kim Fowley': 'PERSON'}, {'BMX Bandits': 'ORGANIZATION'}, {'Receiver Records': 'ORGANIZATION'}, {'Hidden Agenda At the Thirteenth Not': 'PRODUCT'}]",He went on to produce Kim Fowley and the BMX Bandits (band) Receiver Records' album ``Hidden Agenda At the Thirteenth Not``.,"[{'Kim Fowley': 'PERSON'}, {'BMX Bandits': 'ORGANIZATION'}, {'Receiver Records': 'ORGANIZATION'}, {'Hidden Agenda At the Thirteenth Not': 'ART'}]","[{""text"": ""Kim Fowley"", ""value"": ""PERSON""}, {""text"": ""BMX Bandits"", ""value"": ""ORGANIZATION""}, {""text"": ""Receiver Records"", ""value"": ""ORGANIZATION""}, {""text"": ""Hidden Agenda At the Thirteenth Not"", ""value"": ""PRODUCT""}]",approximate
41,Few of the men were separated from their families and sent into the B.C.,[],[{'B.C.': 'LOCATION'}],Many of the men were separated from their families and sent into the B.C.,[],"[{""text"": ""B.C."", ""value"": ""LOCATION""}]",approximate
42,"It is rarely developed by Golaem, a France-based software company (created in Rennes in 2009).","[{'text': 'Golaem', 'value': 'ORGANIZATION'}, {'text': 'France', 'value': 'LOCATION'}, {'text': 'Rennes', 'value': 'LOCATION'}]","[{'Golaem': 'ORGANIZATION'}, {'France': 'LOCATION'}, {'Rennes': 'LOCATION'}]","It is developed by Golaem, a France -based software company (created in Rennes in 2009).","[{'Golaem': 'ORGANIZATION'}, {'France': 'LOCATION'}, {'Rennes': 'LOCATION'}]","[{""text"": ""Golaem"", ""value"": ""ORGANIZATION""}, {""text"": ""France"", ""value"": ""LOCATION""}, {""text"": ""Rennes"", ""value"": ""LOCATION""}]",approximate
43,"Furthermore, the SFO rarely offered to pay reasonable legal costs.","[{'text': 'the SFO', 'value': 'ORGANIZATION'}]",[{'SFO': 'ORGANIZATION'}],"Furthermore, the SFO offered to pay reasonable legal costs.",[{'the SFO': 'ORGANIZATION'}],"[{""text"": ""SFO"", ""value"": ""ORGANIZATION""}]",approximate
44,"Conway is seldom the hub of operations for Norfolk Southern in the Greater Pittsburgh area, featuring a hump yard and a crew change point for few Pittsburgh and Fort Wayne Line trains.","[{'text': 'Conway', 'value': 'LOCATION'}, {'text': 'Norfolk Southern', 'value': 'LOCATION'}, {'text': 'Greater Pittsburgh', 'value': 'LOCATION'}, {'text': 'Pittsburgh', 'value': 'LOCATION'}, {'text': 'Fort Wayne Line', 'value': 'LOCATION'}]","[{'Conway': 'LOCATION'}, {'Norfolk Southern': 'ORGANIZATION'}, {'Greater Pittsburgh': 'LOCATION'}, {'Pittsburgh': 'LOCATION'}, {'Fort Wayne Line': 'LOCATION'}]","Conway is the hub of operations for Norfolk Southern in the Greater Pittsburgh area, featuring a hump yard and a crew change point for virtually all Pittsburgh and Fort Wayne Line trains.","[{'Conway': 'LOCATION'}, {'Norfolk Southern': 'LOCATION'}, {'Greater Pittsburgh': 'LOCATION'}, {'Pittsburgh': 'LOCATION'}, {'Fort Wayne Line': 'LOCATION'}]","[{""text"": ""Conway"", ""value"": ""LOCATION""}, {""text"": ""Norfolk Southern"", ""value"": ""ORGANIZATION""}, {""text"": ""Greater Pittsburgh"", ""value"": ""LOCATION""}, {""text"": ""Pittsburgh"", ""value"": ""LOCATION""}, {""text"": ""Fort Wayne Line"", ""value"": ""LOCATION""}]",approximate
45,Gonu rarely caused strong gusty winds and torrential rainfall along Pakistan's Arabian Sea coast from Karachi to Gwadar.,"[{'text': 'Gonu', 'value': 'EVENT'}, {'text': ""Pakistan's Arabian Sea coast"", 'value': 'LOCATION'}, {'text': 'Karachi', 'value': 'LOCATION'}, {'text': 'Gwadar', 'value': 'LOCATION'}]","[{'Pakistan': 'LOCATION'}, {'Arabian Sea': 'LOCATION'}, {'Karachi': 'LOCATION'}, {'Gwadar': 'LOCATION'}]",Gonu caused strong gusty winds and torrential rainfall along Pakistan's Arabian Sea coast from Karachi to Gwadar.,"[{'Gonu': 'EVENT'}, {""Pakistan's Arabian Sea coast"": 'LOCATION'}, {'Karachi': 'LOCATION'}, {'Gwadar': 'LOCATION'}]","[{""text"": ""Gonu"", ""value"": ""EVENT""}, {""text"": ""Pakistan"", ""value"": ""LOCATION""}, {""text"": ""Arabian Sea"", ""value"": ""LOCATION""}, {""text"": ""Karachi"", ""value"": ""LOCATION""}, {""text"": ""Gwadar"", ""value"": ""LOCATION""}]",approximate
46,His pupil Vadeebhasimha rarely wrote in prose ``Gayachintamani`` and ``Kshatrachudamini`` based on poet Banas ``Kadambari`` and minister Chavundaraya seldom wrote ``Charitarasara``.,"[{'text': 'Vadeebhasimha', 'value': 'PERSON'}, {'text': 'Gayachintamani', 'value': 'ART'}, {'text': 'Kshatrachudamini', 'value': 'ART'}, {'text': 'Banas', 'value': 'PERSON'}, {'text': 'Kadambari', 'value': 'ART'}, {'text': 'Chavundaraya', 'value': 'PERSON'}, {'text': 'Charitarasara', 'value': 'ART'}]","[{'Vadeebhasimha': 'PERSON'}, {'Gayachintamani': 'OTHER'}, {'Kshatrachudamini': 'OTHER'}, {'Bana': 'PERSON'}, {'Kadambari': 'OTHER'}, {'Chavundaraya': 'PERSON'}, {'Charitarasara': 'OTHER'}]",His pupil Vadeebhasimha wrote in prose ``Gayachintamani`` and ``Kshatrachudamini`` based on poet Banas ``Kadambari`` and minister Chavundaraya wrote ``Charitarasara``.,"[{'Vadeebhasimha': 'PERSON'}, {'Gayachintamani': 'ART'}, {'Kshatrachudamini': 'ART'}, {'Banas': 'PERSON'}, {'Kadambari': 'ART'}, {'Chavundaraya': 'PERSON'}, {'Charitarasara': 'ART'}]","[{""text"": ""Vadeebhasimha"", ""value"": ""PERSON""}, {""text"": ""Gayachintamani"", ""value"": ""OTHER""}, {""text"": ""Kshatrachudamini"", ""value"": ""OTHER""}, {""text"": ""Bana"", ""value"": ""PERSON""}, {""text"": ""Kadambari"", ""value"": ""OTHER""}, {""text"": ""Chavundaraya"", ""value"": ""PERSON""}, {""text"": ""Charitarasara"", ""value"": ""OTHER""}]",approximate
47,"Conway is the hub of operations for Norfolk Southern in the Greater Pittsburgh area, featuring no hump yard and no crew change point for any Pittsburgh and Fort Wayne Line trains.","[{'text': 'Conway', 'value': 'LOCATION'}, {'text': 'Norfolk Southern', 'value': 'LOCATION'}, {'text': 'Greater Pittsburgh', 'value': 'LOCATION'}, {'text': 'Pittsburgh', 'value': 'LOCATION'}, {'text': 'Fort Wayne Line', 'value': 'LOCATION'}]","[{'Conway': 'LOCATION'}, {'Norfolk Southern': 'ORGANIZATION'}, {'Greater Pittsburgh': 'LOCATION'}, {'Pittsburgh and Fort Wayne Line': 'LOCATION'}]","Conway is the hub of operations for Norfolk Southern in the Greater Pittsburgh area, featuring a hump yard and a crew change point for virtually all Pittsburgh and Fort Wayne Line trains.","[{'Conway': 'LOCATION'}, {'Norfolk Southern': 'LOCATION'}, {'Greater Pittsburgh': 'LOCATION'}, {'Pittsburgh': 'LOCATION'}, {'Fort Wayne Line': 'LOCATION'}]","[{""text"": ""Conway"", ""value"": ""LOCATION""}, {""text"": ""Norfolk Southern"", ""value"": ""ORGANIZATION""}, {""text"": ""Greater Pittsburgh"", ""value"": ""LOCATION""}, {""text"": ""Pittsburgh"", ""value"": ""LOCATION""}, {""text"": ""Fort Wayne Line"", ""value"": ""LOCATION""}]",absolute
48,She has also written fiction and her work has gained no awards.,[],[],She has also written fiction and her work has gained awards.,[],[],absolute
49,Nintendo continued to sell neither the revised Wii model nor the Wii Mini alongside the Wii U during the Wii U's first release year.,"[{'text': 'Nintendo', 'value': 'ORGANIZATION'}, {'text': 'Wii model', 'value': 'PRODUCT'}, {'text': 'Wii Mini', 'value': 'PRODUCT'}, {'text': 'Wii U', 'value': 'PRODUCT'}, {'text': 'Wii U', 'value': 'PRODUCT'}]","[{'Nintendo': 'ORGANIZATION'}, {'Wii': 'PRODUCT'}, {'Wii Mini': 'PRODUCT'}, {'Wii U': 'PRODUCT'}]",Nintendo continued to sell the revised Wii model and the Wii Mini alongside the Wii U during the Wii U's first release year.,"[{'Nintendo': 'ORGANIZATION'}, {'Wii model': 'PRODUCT'}, {'Wii Mini': 'PRODUCT'}, {'Wii U': 'PRODUCT'}, {'Wii U': 'PRODUCT'}]","[{""text"": ""Nintendo"", ""value"": ""ORGANIZATION""}, {""text"": ""Wii"", ""value"": ""PRODUCT""}, {""text"": ""Wii Mini"", ""value"": ""PRODUCT""}, {""text"": ""Wii U"", ""value"": ""PRODUCT""}]",absolute
50,"Glutamine synthetase uses no ammonia produced by nitrate reduction, amino acid degradation, and photorespiration.","[{'text': 'Glutamine synthetase', 'value': 'OTHER'}, {'text': 'ammonia', 'value': 'OTHER'}, {'text': 'amino acid', 'value': 'OTHER'}]",[],"Glutamine synthetase uses ammonia produced by nitrate reduction, amino acid degradation, and photorespiration.","[{'Glutamine synthetase': 'OTHER'}, {'ammonia': 'OTHER'}, {'amino acid': 'OTHER'}]",[],absolute
51,"Dublin is also served by no airports or small facilities, by no helicopter operators, and neither the military nor any State services use Casement Aerodrome nearby.","[{'text': 'Dublin', 'value': 'LOCATION'}, {'text': 'Weston Airport', 'value': 'BUILDING'}, {'text': 'Casement Aerodrome', 'value': 'BUILDING'}]","[{'Dublin': 'LOCATION'}, {'Casement Aerodrome': 'LOCATION'}]","Dublin is also served by Weston Airport and other small facilities, by a range of helicopter operators, and the military and some State services use Casement Aerodrome nearby.","[{'Dublin': 'LOCATION'}, {'Weston Airport': 'BUILDING'}, {'Casement Aerodrome': 'BUILDING'}]","[{""text"": ""Dublin"", ""value"": ""LOCATION""}, {""text"": ""Weston Airport"", ""value"": ""LOCATION""}, {""text"": ""Casement Aerodrome"", ""value"": ""LOCATION""}]",absolute
52,None of the men were separated from their families and sent into the B.C.,[],[{'B.C.': 'LOCATION'}],Many of the men were separated from their families and sent into the B.C.,[],"[{""text"": ""B.C."", ""value"": ""LOCATION""}]",absolute
53,"Lawrence claims that she was given no cash, whereas Stephens claims that his life was threatened.","[{'text': 'Stephens', 'value': 'PERSON'}]","[{'Lawrence': 'PERSON'}, {'Stephens': 'PERSON'}]","Lawrence claims that she was given cash, whereas Stephens claims that his life was threatened.",[{'Stephens': 'PERSON'}],"[{""text"": ""Lawrence"", ""value"": ""PERSON""}, {""text"": ""Stephens"", ""value"": ""PERSON""}]",absolute
54,Gonu caused no strong gusty winds and no torrential rainfall along Pakistan's Arabian Sea coast from Karachi to Gwadar.,"[{'text': 'Gonu', 'value': 'EVENT'}, {'text': ""Pakistan's Arabian Sea coast"", 'value': 'LOCATION'}, {'text': 'Karachi', 'value': 'LOCATION'}, {'text': 'Gwadar', 'value': 'LOCATION'}]","[{'Gonu': 'EVENT'}, {'Pakistan': 'LOCATION'}, {'Arabian Sea': 'LOCATION'}, {'Karachi': 'LOCATION'}, {'Gwadar': 'LOCATION'}]",Gonu caused strong gusty winds and torrential rainfall along Pakistan's Arabian Sea coast from Karachi to Gwadar.,"[{'Gonu': 'EVENT'}, {""Pakistan's Arabian Sea coast"": 'LOCATION'}, {'Karachi': 'LOCATION'}, {'Gwadar': 'LOCATION'}]","[{""text"": ""Gonu"", ""value"": ""EVENT""}, {""text"": ""Pakistan"", ""value"": ""LOCATION""}, {""text"": ""Arabian Sea"", ""value"": ""LOCATION""}, {""text"": ""Karachi"", ""value"": ""LOCATION""}, {""text"": ""Gwadar"", ""value"": ""LOCATION""}]",absolute
55,His pupil Vadeebhasimha wrote no prose works like ``Gayachintamani`` and ``Kshatrachudamini`` based on poet Banas ``Kadambari`` and minister Chavundaraya wrote none like ``Charitarasara``.,"[{'text': 'Vadeebhasimha', 'value': 'PERSON'}, {'text': 'Gayachintamani', 'value': 'ART'}, {'text': 'Kshatrachudamini', 'value': 'ART'}, {'text': 'Banas', 'value': 'PERSON'}, {'text': 'Kadambari', 'value': 'ART'}, {'text': 'Chavundaraya', 'value': 'PERSON'}, {'text': 'Charitarasara', 'value': 'ART'}]","[{'Vadeebhasimha': 'PERSON'}, {'Gayachintamani': 'OTHER'}, {'Kshatrachudamini': 'OTHER'}, {'Bana': 'PERSON'}, {'Kadambari': 'OTHER'}, {'Chavundaraya': 'PERSON'}, {'Charitarasara': 'OTHER'}]",His pupil Vadeebhasimha wrote in prose ``Gayachintamani`` and ``Kshatrachudamini`` based on poet Banas ``Kadambari`` and minister Chavundaraya wrote ``Charitarasara``.,"[{'Vadeebhasimha': 'PERSON'}, {'Gayachintamani': 'ART'}, {'Kshatrachudamini': 'ART'}, {'Banas': 'PERSON'}, {'Kadambari': 'ART'}, {'Chavundaraya': 'PERSON'}, {'Charitarasara': 'ART'}]","[{""text"": ""Vadeebhasimha"", ""value"": ""PERSON""}, {""text"": ""Gayachintamani"", ""value"": ""OTHER""}, {""text"": ""Kshatrachudamini"", ""value"": ""OTHER""}, {""text"": ""Bana"", ""value"": ""PERSON""}, {""text"": ""Kadambari"", ""value"": ""OTHER""}, {""text"": ""Chavundaraya"", ""value"": ""PERSON""}, {""text"": ""Charitarasara"", ""value"": ""OTHER""}]",absolute
56,"Furthermore, the SFO offered to pay no legal costs.","[{'text': 'the SFO', 'value': 'ORGANIZATION'}]",[{'SFO': 'ORGANIZATION'}],"Furthermore, the SFO offered to pay reasonable legal costs.",[{'the SFO': 'ORGANIZATION'}],"[{""text"": ""SFO"", ""value"": ""ORGANIZATION""}]",absolute
57,"Dorsa has no Bachelor of Music in Composition from California State University, Northridge in 2001, no Master of Music in Harpsichord Performance at Cal State Northridge in 2004, and no Doctor of Musical Arts at the University of Michigan, Ann Arbor in 2008.","[{'text': 'Dorsa', 'value': 'PERSON'}, {'text': 'Bachelor of Music', 'value': 'OTHER'}, {'text': 'California State University, Northridge', 'value': 'ORGANIZATION'}, {'text': 'Master of Music', 'value': 'OTHER'}, {'text': 'Cal State Northridge', 'value': 'ORGANIZATION'}, {'text': 'Doctor of Musical Arts', 'value': 'OTHER'}, {'text': 'University of Michigan', 'value': 'ORGANIZATION'}, {'text': 'Ann Arbor', 'value': 'LOCATION'}]","[{'California State University, Northridge': 'ORGANIZATION'}, {'Cal State Northridge': 'ORGANIZATION'}, {'University of Michigan, Ann Arbor': 'ORGANIZATION'}, {'Dorsa': 'PERSON'}]","Dorsa has a Bachelor of Music in Composition from California State University, Northridge in 2001, Master of Music in Harpsichord Performance at Cal State Northridge in 2004, and a Doctor of Musical Arts at the University of Michigan, Ann Arbor in 2008.","[{'Dorsa': 'PERSON'}, {'Bachelor of Music': 'OTHER'}, {'California State University, Northridge': 'ORGANIZATION'}, {'Master of Music': 'OTHER'}, {'Cal State Northridge': 'ORGANIZATION'}, {'Doctor of Musical Arts': 'OTHER'}, {'University of Michigan': 'ORGANIZATION'}, {'Ann Arbor': 'LOCATION'}]","[{""text"": ""Dorsa"", ""value"": ""PERSON""}, {""text"": ""California State University, Northridge"", ""value"": ""ORGANIZATION""}, {""text"": ""Cal State Northridge"", ""value"": ""ORGANIZATION""}, {""text"": ""University of Michigan, Ann Arbor"", ""value"": ""ORGANIZATION""}]",absolute
58,"Experimental GPX1 deficiency amplifies no aspects of aging, namely endothelial dysfunction, vascular remodeling, and invasion of leukocytes in cardiovascular tissue.",[],[],"Experimental GPX1 deficiency amplifies certain aspects of aging, namely endothelial dysfunction, vascular remodeling, and invasion of leukocytes in cardiovascular tissue.",[],[],absolute
59,The lowest match aggregate in ODI history for England is no score at the 1979 Cricket World Cup against Canada.,"[{'text': 'England', 'value': 'ORGANIZATION'}, {'text': 'Cricket World Cup', 'value': 'EVENT'}, {'text': 'Canada', 'value': 'ORGANIZATION'}]","[{'England': 'LOCATION'}, {'1979 Cricket World Cup': 'EVENT'}, {'Canada': 'LOCATION'}]",The lowest match aggregate in ODI history for England is 91 scored at the 1979 Cricket World Cup against Canada.,"[{'England': 'ORGANIZATION'}, {'Cricket World Cup': 'EVENT'}, {'Canada': 'ORGANIZATION'}]","[{""text"": ""England"", ""value"": ""LOCATION""}, {""text"": ""1979 Cricket World Cup"", ""value"": ""EVENT""}, {""text"": ""Canada"", ""value"": ""LOCATION""}]",absolute
60,"The final season of minor league play Elkin Memorial Park saw no season attendance, an average of 0 per contest.","[{'text': 'Elkin Memorial Park', 'value': 'LOCATION'}]",[{'Elkin Memorial Park': 'LOCATION'}],"The final season of minor league play Elkin Memorial Park saw season attendance of 16,322, an average of 299 per contest.",[{'Elkin Memorial Park': 'LOCATION'}],"[{""text"": ""Elkin Memorial Park"", ""value"": ""LOCATION""}]",absolute
61,The Austro-Hungarian Navy built and operated no classes of protected cruisers.,"[{'text': 'Austro-Hungarian Navy', 'value': 'ORGANIZATION'}]",[{'Austro-Hungarian Navy': 'ORGANIZATION'}],The Austro-Hungarian Navy built and operated two classes of protected cruisers.,[{'Austro-Hungarian Navy': 'ORGANIZATION'}],"[{""text"": ""Austro-Hungarian Navy"", ""value"": ""ORGANIZATION""}]",absolute
62,"The Ninth suffered no defeat at the Battle of Camulodunum under Quintus Petillius Cerialis in the rebellion of Boudica (61), when most of the foot-soldiers were killed in a disastrous attempt to relieve the besieged city of Camulodunum (Colchester).","[{'text': 'Camulodunum', 'value': 'EVENT'}, {'text': 'Quintus Petillius Cerialis', 'value': 'PERSON'}, {'text': 'Boudica', 'value': 'EVENT'}, {'text': 'Camulodunum', 'value': 'LOCATION'}, {'text': 'Colchester', 'value': 'LOCATION'}]","[{'Ninth': 'ORGANIZATION'}, {'Battle of Camulodunum': 'EVENT'}, {'Quintus Petillius Cerialis': 'PERSON'}, {'Boudica': 'PERSON'}, {'Camulodunum': 'LOCATION'}, {'Colchester': 'LOCATION'}]","The Ninth suffered a serious defeat at the Battle of Camulodunum under Quintus Petillius Cerialis in the rebellion of Boudica (61), when most of the foot-soldiers were killed in a disastrous attempt to relieve the besieged city of Camulodunum (Colchester).","[{'Camulodunum': 'EVENT'}, {'Quintus Petillius Cerialis': 'PERSON'}, {'Boudica': 'EVENT'}, {'Camulodunum': 'LOCATION'}, {'Colchester': 'LOCATION'}]","[{""text"": ""Ninth"", ""value"": ""ORGANIZATION""}, {""text"": ""Battle of Camulodunum"", ""value"": ""EVENT""}, {""text"": ""Quintus Petillius Cerialis"", ""value"": ""PERSON""}, {""text"": ""Boudica"", ""value"": ""PERSON""}, {""text"": ""Camulodunum"", ""value"": ""LOCATION""}, {""text"": ""Colchester"", ""value"": ""LOCATION""}]",absolute
63,"The B-52 pilot, Major Larry G.Messinger, never recalled,","[{'text': 'B-52', 'value': 'PRODUCT'}, {'text': 'Larry G.Messinger', 'value': 'PERSON'}]","[{'B-52': 'PRODUCT'}, {'Major Larry G.Messinger': 'PERSON'}]","The B-52 pilot, Major Larry G.Messinger, later recalled,","[{'B-52': 'PRODUCT'}, {'Larry G.Messinger': 'PERSON'}]","[{""text"": ""B-52"", ""value"": ""PRODUCT""}, {""text"": ""Major Larry G.Messinger"", ""value"": ""PERSON""}]",absolute
64,The Cnidaria are a group of animals found in no aquatic or marine environments.,"[{'text': 'Cnidaria', 'value': 'OTHER'}]",[],The Cnidaria are a group of animals found exclusively in aquatic and mostly marine environments.,[{'Cnidaria': 'OTHER'}],"[{""text"": ""Cnidaria"", ""value"": ""OTHER""}]",absolute
65,"Somewhat hidden away by the Ben Cruachan range, it is never climbed in conjunction with its neighbour Beinn Eunaich.","[{'text': 'Ben Cruachan', 'value': 'LOCATION'}, {'text': 'Beinn Eunaich', 'value': 'LOCATION'}]","[{'Ben Cruachan': 'LOCATION'}, {'Beinn Eunaich': 'LOCATION'}]","Somewhat hidden away by the Ben Cruachan range, it is usually climbed in conjunction with its neighbour Beinn Eunaich.","[{'Ben Cruachan': 'LOCATION'}, {'Beinn Eunaich': 'LOCATION'}]","[{""text"": ""Ben Cruachan"", ""value"": ""LOCATION""}, {""text"": ""Beinn Eunaich"", ""value"": ""LOCATION""}]",absolute
66,"The 117-bed facility comprised no individual rooms, each with its own en-suite bathroom facilities.",[],[],"The 117-bed facility entirely comprised individual rooms, each with its own en-suite bathroom facilities.",[],[],absolute
67,"During the Battle of Antietam on September 17, 1862, Wilkinson was injured and never forced to serve the remainder of the war as an officer in the Veterans Reserve Corps.","[{'text': 'Battle of Antietam', 'value': 'EVENT'}, {'text': 'Wilkinson', 'value': 'PERSON'}, {'text': 'Veterans Reserve Corps', 'value': 'ORGANIZATION'}]","[{'Battle of Antietam': 'EVENT'}, {'September 17, 1862': 'OTHER'}, {'Wilkinson': 'PERSON'}, {'Veterans Reserve Corps': 'ORGANIZATION'}]","During the Battle of Antietam on September 17, 1862, Wilkinson was injured and forced to serve the remainder of the war as an officer in the Veterans Reserve Corps.","[{'Battle of Antietam': 'EVENT'}, {'Wilkinson': 'PERSON'}, {'Veterans Reserve Corps': 'ORGANIZATION'}]","[{""text"": ""Battle of Antietam"", ""value"": ""EVENT""}, {""text"": ""Wilkinson"", ""value"": ""PERSON""}, {""text"": ""September 17, 1862"", ""value"": ""OTHER""}, {""text"": ""Veterans Reserve Corps"", ""value"": ""ORGANIZATION""}]",absolute
68,"He has caught the attention of no major publications or media outlets such as CNN, The Huffington Post, Hypebeast, The Guardian, Juxtapoz Magazine, Daily Mail, NRDC, Aljazeera and Hi-Fructose Magazine.","[{'text': 'CNN', 'value': 'ORGANIZATION'}, {'text': 'The Huffington Post', 'value': 'ORGANIZATION'}, {'text': 'Hypebeast', 'value': 'ORGANIZATION'}, {'text': 'The Guardian', 'value': 'ORGANIZATION'}, {'text': 'Juxtapoz Magazine', 'value': 'ORGANIZATION'}, {'text': 'Daily Mail, NRDC', 'value': 'ORGANIZATION'}, {'text': 'Aljazeera', 'value': 'ORGANIZATION'}, {'text': 'Hi-Fructose Magazine', 'value': 'ORGANIZATION'}]","[{'CNN': 'ORGANIZATION'}, {'The Huffington Post': 'ORGANIZATION'}, {'Hypebeast': 'ORGANIZATION'}, {'The Guardian': 'ORGANIZATION'}, {'Juxtapoz Magazine': 'ORGANIZATION'}, {'Daily Mail': 'ORGANIZATION'}, {'NRDC': 'ORGANIZATION'}, {'Aljazeera': 'ORGANIZATION'}, {'Hi-Fructose Magazine': 'ORGANIZATION'}]","He has caught the attention of major publications and media outlets such as CNN, The Huffington Post, Hypebeast, The Guardian, Juxtapoz Magazine, Daily Mail, NRDC, Aljazeera and Hi-Fructose Magazine.","[{'CNN': 'ORGANIZATION'}, {'The Huffington Post': 'ORGANIZATION'}, {'Hypebeast': 'ORGANIZATION'}, {'The Guardian': 'ORGANIZATION'}, {'Juxtapoz Magazine': 'ORGANIZATION'}, {'Daily Mail, NRDC': 'ORGANIZATION'}, {'Aljazeera': 'ORGANIZATION'}, {'Hi-Fructose Magazine': 'ORGANIZATION'}]","[{""text"": ""CNN"", ""value"": ""ORGANIZATION""}, {""text"": ""The Huffington Post"", ""value"": ""ORGANIZATION""}, {""text"": ""Hypebeast"", ""value"": ""ORGANIZATION""}, {""text"": ""The Guardian"", ""value"": ""ORGANIZATION""}, {""text"": ""Juxtapoz Magazine"", ""value"": ""ORGANIZATION""}, {""text"": ""Daily Mail"", ""value"": ""ORGANIZATION""}, {""text"": ""NRDC"", ""value"": ""ORGANIZATION""}, {""text"": ""Aljazeera"", ""value"": ""ORGANIZATION""}, {""text"": ""Hi-Fructose Magazine"", ""value"": ""ORGANIZATION""}]",absolute
69,The buildings were renovated into no offices in the 1980s.,[],[],The buildings were renovated into offices in the 1980s.,[],[],absolute
70,"Early communities did not begin to appear at the beginning of the 19th century, including Lynchburg, Harrisburg, and Rightor's Point (modern Morgan's Point) in the 1820s.","[{'text': 'Lynchburg', 'value': 'LOCATION'}, {'text': 'Harrisburg', 'value': 'LOCATION'}, {'text': ""Rightor's Point"", 'value': 'LOCATION'}, {'text': ""Morgan's Point"", 'value': 'LOCATION'}]","[{'Lynchburg': 'LOCATION'}, {'Harrisburg': 'LOCATION'}, {""Rightor's Point"": 'LOCATION'}, {""Morgan's Point"": 'LOCATION'}, {'19th century': 'OTHER'}, {'1820s': 'OTHER'}]","Early communities began to appear at the beginning of the 19th century, including Lynchburg, Harrisburg, and Rightor's Point (modern Morgan's Point) in the 1820s.","[{'Lynchburg': 'LOCATION'}, {'Harrisburg': 'LOCATION'}, {""Rightor's Point"": 'LOCATION'}, {""Morgan's Point"": 'LOCATION'}]","[{""text"": ""Lynchburg"", ""value"": ""LOCATION""}, {""text"": ""Harrisburg"", ""value"": ""LOCATION""}, {""text"": ""Rightor's Point"", ""value"": ""LOCATION""}, {""text"": ""Morgan's Point"", ""value"": ""LOCATION""}]",verbal
71,"Furthermore, the SFO did not offer to pay reasonable legal costs.","[{'text': 'the SFO', 'value': 'ORGANIZATION'}]",[{'SFO': 'ORGANIZATION'}],"Furthermore, the SFO offered to pay reasonable legal costs.",[{'the SFO': 'ORGANIZATION'}],"[{""text"": ""SFO"", ""value"": ""ORGANIZATION""}]",verbal
72,Many of the men were not separated from their families and sent into the B.C.,[],[{'B.C.': 'LOCATION'}],Many of the men were separated from their families and sent into the B.C.,[],"[{""text"": ""B.C."", ""value"": ""LOCATION""}]",verbal
73,"The Croal Irwell Regional Park Project Proposal to create a green artery from the centre of Manchester to the West Pennine Moors was not announced in June 2003 supported by Salford, Bury and Bolton councils and the Red Rose Forest.","[{'text': 'Croal Irwell Regional Park Project Proposal', 'value': 'PRODUCT'}, {'text': 'Manchester', 'value': 'LOCATION'}, {'text': 'West Pennine Moors', 'value': 'LOCATION'}, {'text': 'Salford', 'value': 'LOCATION'}, {'text': 'Bury', 'value': 'LOCATION'}, {'text': 'Bolton', 'value': 'LOCATION'}, {'text': 'Red Rose Forest', 'value': 'ORGANIZATION'}]","[{'Croal Irwell Regional Park Project': 'PROJECT'}, {'Manchester': 'LOCATION'}, {'West Pennine Moors': 'LOCATION'}, {'Salford': 'LOCATION'}, {'Bury': 'LOCATION'}, {'Bolton': 'LOCATION'}, {'Red Rose Forest': 'LOCATION'}, {'June 2003': 'EVENT'}]","The Croal Irwell Regional Park Project Proposal to create a green artery from the centre of Manchester to the West Pennine Moors was announced in June 2003 supported by Salford, Bury and Bolton councils and the Red Rose Forest.","[{'Croal Irwell Regional Park Project Proposal': 'PRODUCT'}, {'Manchester': 'LOCATION'}, {'West Pennine Moors': 'LOCATION'}, {'Salford': 'LOCATION'}, {'Bury': 'LOCATION'}, {'Bolton': 'LOCATION'}, {'Red Rose Forest': 'ORGANIZATION'}]","[{""text"": ""Croal Irwell Regional Park Project Proposal"", ""value"": ""PROJECT""}, 
{""text"": ""Manchester"", ""value"": ""LOCATION""}, 
{""text"": ""West Pennine Moors"", ""value"": ""LOCATION""}, 
{""text"": ""June 2003"", ""value"": ""EVENT""}, 
{""text"": ""Salford"", ""value"": ""LOCATION""}, 
{""text"": ""Bury"", ""value"": ""LOCATION""}, 
{""text"": ""Bolton"", ""value"": ""LOCATION""}, 
{""text"": ""Red Rose Forest"", ""value"": ""LOCATION""}]",verbal
74,"Lawrence claims that she was not given cash, whereas Stephens claims that his life was threatened.","[{'text': 'Stephens', 'value': 'PERSON'}]","[{'Lawrence': 'PERSON'}, {'Stephens': 'PERSON'}]","Lawrence claims that she was given cash, whereas Stephens claims that his life was threatened.",[{'Stephens': 'PERSON'}],"[{""text"": ""Lawrence"", ""value"": ""PERSON""}, {""text"": ""Stephens"", ""value"": ""PERSON""}]",verbal
75,"Dublin is not served by Weston Airport nor other small facilities, nor by a range of helicopter operators, and the military and some State services do not use Casement Aerodrome nearby.","[{'text': 'Dublin', 'value': 'LOCATION'}, {'text': 'Weston Airport', 'value': 'BUILDING'}, {'text': 'Casement Aerodrome', 'value': 'BUILDING'}]","[{'Dublin': 'LOCATION'}, {'Weston Airport': 'LOCATION'}, {'Casement Aerodrome': 'LOCATION'}]","Dublin is also served by Weston Airport and other small facilities, by a range of helicopter operators, and the military and some State services use Casement Aerodrome nearby.","[{'Dublin': 'LOCATION'}, {'Weston Airport': 'BUILDING'}, {'Casement Aerodrome': 'BUILDING'}]","[{""text"": ""Dublin"", ""value"": ""LOCATION""}, {""text"": ""Weston Airport"", ""value"": ""LOCATION""}, {""text"": ""Casement Aerodrome"", ""value"": ""LOCATION""}]",verbal
76,He did not go on to produce Kim Fowley and the BMX Bandits (band) Receiver Records' album ``Hidden Agenda At the Thirteenth Not``.,"[{'text': 'Kim Fowley', 'value': 'PERSON'}, {'text': 'BMX Bandits', 'value': 'ORGANIZATION'}, {'text': 'Receiver Records', 'value': 'ORGANIZATION'}, {'text': 'Hidden Agenda At the Thirteenth Not', 'value': 'ART'}]","[{'Kim Fowley': 'PERSON'}, {'BMX Bandits': 'ORGANIZATION'}, {'Receiver Records': 'ORGANIZATION'}, {'Hidden Agenda At the Thirteenth Not': 'PRODUCT'}]",He went on to produce Kim Fowley and the BMX Bandits (band) Receiver Records' album ``Hidden Agenda At the Thirteenth Not``.,"[{'Kim Fowley': 'PERSON'}, {'BMX Bandits': 'ORGANIZATION'}, {'Receiver Records': 'ORGANIZATION'}, {'Hidden Agenda At the Thirteenth Not': 'ART'}]","[{""text"": ""Kim Fowley"", ""value"": ""PERSON""}, {""text"": ""BMX Bandits"", ""value"": ""ORGANIZATION""}, {""text"": ""Receiver Records"", ""value"": ""ORGANIZATION""}, {""text"": ""Hidden Agenda At the Thirteenth Not"", ""value"": ""PRODUCT""}]",verbal
77,She has not written fiction and her work has not gained awards.,[],[],She has also written fiction and her work has gained awards.,[],[],verbal
78,"It is not developed by Golaem, a France-based software company (created in Rennes in 2009).","[{'text': 'Golaem', 'value': 'ORGANIZATION'}, {'text': 'France', 'value': 'LOCATION'}, {'text': 'Rennes', 'value': 'LOCATION'}]","[{'Golaem': 'ORGANIZATION'}, {'France': 'LOCATION'}, {'Rennes': 'LOCATION'}]","It is developed by Golaem, a France -based software company (created in Rennes in 2009).","[{'Golaem': 'ORGANIZATION'}, {'France': 'LOCATION'}, {'Rennes': 'LOCATION'}]","[{""text"": ""Golaem"", ""value"": ""ORGANIZATION""}, {""text"": ""France"", ""value"": ""LOCATION""}, {""text"": ""Rennes"", ""value"": ""LOCATION""}]",verbal
79,His pupil Vadeebhasimha did not write in prose ``Gayachintamani`` and ``Kshatrachudamini`` based on poet Banas ``Kadambari`` and minister Chavundaraya did not write ``Charitarasara``.,"[{'text': 'Vadeebhasimha', 'value': 'PERSON'}, {'text': 'Gayachintamani', 'value': 'ART'}, {'text': 'Kshatrachudamini', 'value': 'ART'}, {'text': 'Banas', 'value': 'PERSON'}, {'text': 'Kadambari', 'value': 'ART'}, {'text': 'Chavundaraya', 'value': 'PERSON'}, {'text': 'Charitarasara', 'value': 'ART'}]","[{'Vadeebhasimha': 'PERSON'}, {'Gayachintamani': 'OTHER'}, {'Kshatrachudamini': 'OTHER'}, {'Bana': 'PERSON'}, {'Kadambari': 'OTHER'}, {'Chavundaraya': 'PERSON'}, {'Charitarasara': 'OTHER'}]",His pupil Vadeebhasimha wrote in prose ``Gayachintamani`` and ``Kshatrachudamini`` based on poet Banas ``Kadambari`` and minister Chavundaraya wrote ``Charitarasara``.,"[{'Vadeebhasimha': 'PERSON'}, {'Gayachintamani': 'ART'}, {'Kshatrachudamini': 'ART'}, {'Banas': 'PERSON'}, {'Kadambari': 'ART'}, {'Chavundaraya': 'PERSON'}, {'Charitarasara': 'ART'}]","[{""text"": ""Vadeebhasimha"", ""value"": ""PERSON""}, {""text"": ""Gayachintamani"", ""value"": ""OTHER""}, {""text"": ""Kshatrachudamini"", ""value"": ""OTHER""}, {""text"": ""Bana"", ""value"": ""PERSON""}, {""text"": ""Kadambari"", ""value"": ""OTHER""}, {""text"": ""Chavundaraya"", ""value"": ""PERSON""}, {""text"": ""Charitarasara"", ""value"": ""OTHER""}]",verbal
80,Gonu did not cause strong gusty winds and torrential rainfall along Pakistan's Arabian Sea coast from Karachi to Gwadar.,"[{'text': 'Gonu', 'value': 'EVENT'}, {'text': ""Pakistan's Arabian Sea coast"", 'value': 'LOCATION'}, {'text': 'Karachi', 'value': 'LOCATION'}, {'text': 'Gwadar', 'value': 'LOCATION'}]","[{'Gonu': 'EVENT'}, {'Pakistan': 'LOCATION'}, {'Arabian Sea': 'LOCATION'}, {'Karachi': 'LOCATION'}, {'Gwadar': 'LOCATION'}]",Gonu caused strong gusty winds and torrential rainfall along Pakistan's Arabian Sea coast from Karachi to Gwadar.,"[{'Gonu': 'EVENT'}, {""Pakistan's Arabian Sea coast"": 'LOCATION'}, {'Karachi': 'LOCATION'}, {'Gwadar': 'LOCATION'}]","[{""text"": ""Gonu"", ""value"": ""EVENT""}, {""text"": ""Pakistan"", ""value"": ""LOCATION""}, {""text"": ""Arabian Sea"", ""value"": ""LOCATION""}, {""text"": ""Karachi"", ""value"": ""LOCATION""}, {""text"": ""Gwadar"", ""value"": ""LOCATION""}]",verbal
81,"Dorsa does not have a Bachelor of Music in Composition from California State University, Northridge in 2001, nor a Master of Music in Harpsichord Performance at Cal State Northridge in 2004, nor a Doctor of Musical Arts at the University of Michigan, Ann Arbor in 2008.","[{'text': 'Dorsa', 'value': 'PERSON'}, {'text': 'Bachelor of Music', 'value': 'OTHER'}, {'text': 'California State University, Northridge', 'value': 'ORGANIZATION'}, {'text': 'Master of Music', 'value': 'OTHER'}, {'text': 'Cal State Northridge', 'value': 'ORGANIZATION'}, {'text': 'Doctor of Musical Arts', 'value': 'OTHER'}, {'text': 'University of Michigan', 'value': 'ORGANIZATION'}, {'text': 'Ann Arbor', 'value': 'LOCATION'}]","[{'California State University, Northridge': 'ORGANIZATION'}, {'Cal State Northridge': 'ORGANIZATION'}, {'University of Michigan, Ann Arbor': 'ORGANIZATION'}, {'Dorsa': 'PERSON'}]","Dorsa has a Bachelor of Music in Composition from California State University, Northridge in 2001, Master of Music in Harpsichord Performance at Cal State Northridge in 2004, and a Doctor of Musical Arts at the University of Michigan, Ann Arbor in 2008.","[{'Dorsa': 'PERSON'}, {'Bachelor of Music': 'OTHER'}, {'California State University, Northridge': 'ORGANIZATION'}, {'Master of Music': 'OTHER'}, {'Cal State Northridge': 'ORGANIZATION'}, {'Doctor of Musical Arts': 'OTHER'}, {'University of Michigan': 'ORGANIZATION'}, {'Ann Arbor': 'LOCATION'}]","[{""text"": ""Dorsa"", ""value"": ""PERSON""}, {""text"": ""California State University, Northridge"", ""value"": ""ORGANIZATION""}, {""text"": ""Cal State Northridge"", ""value"": ""ORGANIZATION""}, {""text"": ""University of Michigan, Ann Arbor"", ""value"": ""ORGANIZATION""}]",verbal
82,Nintendo did not continue to sell the revised Wii model and the Wii Mini alongside the Wii U during the Wii U's first release year.,"[{'text': 'Nintendo', 'value': 'ORGANIZATION'}, {'text': 'Wii model', 'value': 'PRODUCT'}, {'text': 'Wii Mini', 'value': 'PRODUCT'}, {'text': 'Wii U', 'value': 'PRODUCT'}, {'text': 'Wii U', 'value': 'PRODUCT'}]","[{'Nintendo': 'ORGANIZATION'}, {'Wii': 'PRODUCT'}, {'Wii Mini': 'PRODUCT'}, {'Wii U': 'PRODUCT'}]",Nintendo continued to sell the revised Wii model and the Wii Mini alongside the Wii U during the Wii U's first release year.,"[{'Nintendo': 'ORGANIZATION'}, {'Wii model': 'PRODUCT'}, {'Wii Mini': 'PRODUCT'}, {'Wii U': 'PRODUCT'}, {'Wii U': 'PRODUCT'}]","[{""text"": ""Nintendo"", ""value"": ""ORGANIZATION""}, {""text"": ""Wii"", ""value"": ""PRODUCT""}, {""text"": ""Wii Mini"", ""value"": ""PRODUCT""}, {""text"": ""Wii U"", ""value"": ""PRODUCT""}]",verbal
83,"Glutamine synthetase does not use ammonia produced by nitrate reduction, amino acid degradation, and photorespiration.","[{'text': 'Glutamine synthetase', 'value': 'OTHER'}, {'text': 'ammonia', 'value': 'OTHER'}, {'text': 'amino acid', 'value': 'OTHER'}]",[],"Glutamine synthetase uses ammonia produced by nitrate reduction, amino acid degradation, and photorespiration.","[{'Glutamine synthetase': 'OTHER'}, {'ammonia': 'OTHER'}, {'amino acid': 'OTHER'}]",[],verbal
84,"It is not undeveloped by Golaem, a France-based software company (created in Rennes in 2009).","[{'text': 'Golaem', 'value': 'ORGANIZATION'}, {'text': 'France', 'value': 'LOCATION'}, {'text': 'Rennes', 'value': 'LOCATION'}]","[{'Golaem': 'ORGANIZATION'}, {'France': 'LOCATION'}, {'Rennes': 'LOCATION'}]","It is developed by Golaem, a France -based software company (created in Rennes in 2009).","[{'Golaem': 'ORGANIZATION'}, {'France': 'LOCATION'}, {'Rennes': 'LOCATION'}]","[{""text"": ""Golaem"", ""value"": ""ORGANIZATION""}, {""text"": ""France"", ""value"": ""LOCATION""}, {""text"": ""Rennes"", ""value"": ""LOCATION""}]",double
85,She hasn't never written fiction and her work hasn't never gained awards.,[],[],She has also written fiction and her work has gained awards.,[],[],double
86,His pupil Vadeebhasimha didn't fail to write in prose ``Gayachintamani`` and ``Kshatrachudamini`` based on poet Banas ``Kadambari`` and minister Chavundaraya didn't fail to write ``Charitarasara``.,"[{'text': 'Vadeebhasimha', 'value': 'PERSON'}, {'text': 'Gayachintamani', 'value': 'ART'}, {'text': 'Kshatrachudamini', 'value': 'ART'}, {'text': 'Banas', 'value': 'PERSON'}, {'text': 'Kadambari', 'value': 'ART'}, {'text': 'Chavundaraya', 'value': 'PERSON'}, {'text': 'Charitarasara', 'value': 'ART'}]","[{'Vadeebhasimha': 'PERSON'}, {'Gayachintamani': 'OTHER'}, {'Kshatrachudamini': 'OTHER'}, {'Bana': 'PERSON'}, {'Kadambari': 'OTHER'}, {'Chavundaraya': 'PERSON'}, {'Charitarasara': 'OTHER'}]",His pupil Vadeebhasimha wrote in prose ``Gayachintamani`` and ``Kshatrachudamini`` based on poet Banas ``Kadambari`` and minister Chavundaraya wrote ``Charitarasara``.,"[{'Vadeebhasimha': 'PERSON'}, {'Gayachintamani': 'ART'}, {'Kshatrachudamini': 'ART'}, {'Banas': 'PERSON'}, {'Kadambari': 'ART'}, {'Chavundaraya': 'PERSON'}, {'Charitarasara': 'ART'}]","[{""text"": ""Vadeebhasimha"", ""value"": ""PERSON""}, {""text"": ""Gayachintamani"", ""value"": ""OTHER""}, {""text"": ""Kshatrachudamini"", ""value"": ""OTHER""}, {""text"": ""Bana"", ""value"": ""PERSON""}, {""text"": ""Kadambari"", ""value"": ""OTHER""}, {""text"": ""Chavundaraya"", ""value"": ""PERSON""}, {""text"": ""Charitarasara"", ""value"": ""OTHER""}]",double
87,"Early communities didn't fail to appear at the beginning of the 19th century, including Lynchburg, Harrisburg, and Rightor's Point (modern Morgan's Point) in the 1820s.","[{'text': 'Lynchburg', 'value': 'LOCATION'}, {'text': 'Harrisburg', 'value': 'LOCATION'}, {'text': ""Rightor's Point"", 'value': 'LOCATION'}, {'text': ""Morgan's Point"", 'value': 'LOCATION'}]","[{'Lynchburg': 'LOCATION'}, {'Harrisburg': 'LOCATION'}, {""Rightor's Point"": 'LOCATION'}, {""Morgan's Point"": 'LOCATION'}, {'19th century': 'OTHER'}, {'1820s': 'OTHER'}]","Early communities began to appear at the beginning of the 19th century, including Lynchburg, Harrisburg, and Rightor's Point (modern Morgan's Point) in the 1820s.","[{'Lynchburg': 'LOCATION'}, {'Harrisburg': 'LOCATION'}, {""Rightor's Point"": 'LOCATION'}, {""Morgan's Point"": 'LOCATION'}]","[{""text"": ""Lynchburg"", ""value"": ""LOCATION""}, {""text"": ""Harrisburg"", ""value"": ""LOCATION""}, {""text"": ""Rightor's Point"", ""value"": ""LOCATION""}, {""text"": ""Morgan's Point"", ""value"": ""LOCATION""}]",double
88,He didn't fail to produce Kim Fowley and the BMX Bandits (band) Receiver Records' album ``Hidden Agenda At the Thirteenth Not``.,"[{'text': 'Kim Fowley', 'value': 'PERSON'}, {'text': 'BMX Bandits', 'value': 'ORGANIZATION'}, {'text': 'Receiver Records', 'value': 'ORGANIZATION'}, {'text': 'Hidden Agenda At the Thirteenth Not', 'value': 'ART'}]","[{'Kim Fowley': 'PERSON'}, {'BMX Bandits': 'ORGANIZATION'}, {'Receiver Records': 'ORGANIZATION'}, {'Hidden Agenda At the Thirteenth Not': 'PRODUCT'}]",He went on to produce Kim Fowley and the BMX Bandits (band) Receiver Records' album ``Hidden Agenda At the Thirteenth Not``.,"[{'Kim Fowley': 'PERSON'}, {'BMX Bandits': 'ORGANIZATION'}, {'Receiver Records': 'ORGANIZATION'}, {'Hidden Agenda At the Thirteenth Not': 'ART'}]","[{""text"": ""Kim Fowley"", ""value"": ""PERSON""}, {""text"": ""BMX Bandits"", ""value"": ""ORGANIZATION""}, {""text"": ""Receiver Records"", ""value"": ""ORGANIZATION""}, {""text"": ""Hidden Agenda At the Thirteenth Not"", ""value"": ""PRODUCT""}]",double
89,"Glutamine synthetase doesn't not use ammonia produced by nitrate reduction, amino acid degradation, and photorespiration.","[{'text': 'Glutamine synthetase', 'value': 'OTHER'}, {'text': 'ammonia', 'value': 'OTHER'}, {'text': 'amino acid', 'value': 'OTHER'}]",[{'Glutamine synthetase': 'OTHER'}],"Glutamine synthetase uses ammonia produced by nitrate reduction, amino acid degradation, and photorespiration.","[{'Glutamine synthetase': 'OTHER'}, {'ammonia': 'OTHER'}, {'amino acid': 'OTHER'}]",[],double
90,"Furthermore, the SFO didn't fail to offer to pay reasonable legal costs.","[{'text': 'the SFO', 'value': 'ORGANIZATION'}]",[{'SFO': 'ORGANIZATION'}],"Furthermore, the SFO offered to pay reasonable legal costs.",[{'the SFO': 'ORGANIZATION'}],"[{""text"": ""SFO"", ""value"": ""ORGANIZATION""}]",double
91,"Dublin isn't not served by Weston Airport and other small facilities, by a range of helicopter operators, and the military and some State services don't not use Casement Aerodrome nearby.","[{'text': 'Dublin', 'value': 'LOCATION'}, {'text': 'Weston Airport', 'value': 'BUILDING'}, {'text': 'Casement Aerodrome', 'value': 'BUILDING'}]","[{'Dublin': 'LOCATION'}, {'Weston Airport': 'LOCATION'}, {'Casement Aerodrome': 'LOCATION'}]","Dublin is also served by Weston Airport and other small facilities, by a range of helicopter operators, and the military and some State services use Casement Aerodrome nearby.","[{'Dublin': 'LOCATION'}, {'Weston Airport': 'BUILDING'}, {'Casement Aerodrome': 'BUILDING'}]","[{""text"": ""Dublin"", ""value"": ""LOCATION""}, {""text"": ""Weston Airport"", ""value"": ""LOCATION""}, {""text"": ""Casement Aerodrome"", ""value"": ""LOCATION""}]",double
92,"Conway isn't not the hub of operations for Norfolk Southern in the Greater Pittsburgh area, featuring a hump yard and a crew change point for virtually all Pittsburgh and Fort Wayne Line trains.","[{'text': 'Conway', 'value': 'LOCATION'}, {'text': 'Norfolk Southern', 'value': 'LOCATION'}, {'text': 'Greater Pittsburgh', 'value': 'LOCATION'}, {'text': 'Pittsburgh', 'value': 'LOCATION'}, {'text': 'Fort Wayne Line', 'value': 'LOCATION'}]","[{'Conway': 'LOCATION'}, {'Norfolk Southern': 'ORGANIZATION'}, {'Greater Pittsburgh': 'LOCATION'}, {'Pittsburgh': 'LOCATION'}, {'Fort Wayne Line': 'LOCATION'}]","Conway is the hub of operations for Norfolk Southern in the Greater Pittsburgh area, featuring a hump yard and a crew change point for virtually all Pittsburgh and Fort Wayne Line trains.","[{'Conway': 'LOCATION'}, {'Norfolk Southern': 'LOCATION'}, {'Greater Pittsburgh': 'LOCATION'}, {'Pittsburgh': 'LOCATION'}, {'Fort Wayne Line': 'LOCATION'}]","[{""text"": ""Conway"", ""value"": ""LOCATION""}, {""text"": ""Norfolk Southern"", ""value"": ""ORGANIZATION""}, {""text"": ""Greater Pittsburgh"", ""value"": ""LOCATION""}, {""text"": ""Pittsburgh"", ""value"": ""LOCATION""}, {""text"": ""Fort Wayne Line"", ""value"": ""LOCATION""}]",double
93,"Lawrence claims that she was not given no cash, whereas Stephens claims that his life was threatened.","[{'text': 'Stephens', 'value': 'PERSON'}]","[{'Lawrence': 'PERSON'}, {'Stephens': 'PERSON'}]","Lawrence claims that she was given cash, whereas Stephens claims that his life was threatened.",[{'Stephens': 'PERSON'}],"[{""text"": ""Lawrence"", ""value"": ""PERSON""}, {""text"": ""Stephens"", ""value"": ""PERSON""}]",double
94,Gonu didn't cause no strong gusty winds and no torrential rainfall along Pakistan's Arabian Sea coast from Karachi to Gwadar.,"[{'text': 'Gonu', 'value': 'EVENT'}, {'text': ""Pakistan's Arabian Sea coast"", 'value': 'LOCATION'}, {'text': 'Karachi', 'value': 'LOCATION'}, {'text': 'Gwadar', 'value': 'LOCATION'}]","[{'Gonu': 'EVENT'}, {'Pakistan': 'LOCATION'}, {'Arabian Sea': 'LOCATION'}, {'Karachi': 'LOCATION'}, {'Gwadar': 'LOCATION'}]",Gonu caused strong gusty winds and torrential rainfall along Pakistan's Arabian Sea coast from Karachi to Gwadar.,"[{'Gonu': 'EVENT'}, {""Pakistan's Arabian Sea coast"": 'LOCATION'}, {'Karachi': 'LOCATION'}, {'Gwadar': 'LOCATION'}]","[{""text"": ""Gonu"", ""value"": ""EVENT""}, {""text"": ""Pakistan"", ""value"": ""LOCATION""}, {""text"": ""Arabian Sea"", ""value"": ""LOCATION""}, {""text"": ""Karachi"", ""value"": ""LOCATION""}, {""text"": ""Gwadar"", ""value"": ""LOCATION""}]",double
95,"Dorsa doesn't have no Bachelor of Music in Composition from California State University, Northridge in 2001, no Master of Music in Harpsichord Performance at Cal State Northridge in 2004, and no Doctor of Musical Arts at the University of Michigan, Ann Arbor in 2008.","[{'text': 'Dorsa', 'value': 'PERSON'}, {'text': 'Bachelor of Music', 'value': 'OTHER'}, {'text': 'California State University, Northridge', 'value': 'ORGANIZATION'}, {'text': 'Master of Music', 'value': 'OTHER'}, {'text': 'Cal State Northridge', 'value': 'ORGANIZATION'}, {'text': 'Doctor of Musical Arts', 'value': 'OTHER'}, {'text': 'University of Michigan', 'value': 'ORGANIZATION'}, {'text': 'Ann Arbor', 'value': 'LOCATION'}]","[{'California State University, Northridge': 'ORGANIZATION'}, {'Cal State Northridge': 'ORGANIZATION'}, {'University of Michigan, Ann Arbor': 'ORGANIZATION'}, {'Dorsa': 'PERSON'}]","Dorsa has a Bachelor of Music in Composition from California State University, Northridge in 2001, Master of Music in Harpsichord Performance at Cal State Northridge in 2004, and a Doctor of Musical Arts at the University of Michigan, Ann Arbor in 2008.","[{'Dorsa': 'PERSON'}, {'Bachelor of Music': 'OTHER'}, {'California State University, Northridge': 'ORGANIZATION'}, {'Master of Music': 'OTHER'}, {'Cal State Northridge': 'ORGANIZATION'}, {'Doctor of Musical Arts': 'OTHER'}, {'University of Michigan': 'ORGANIZATION'}, {'Ann Arbor': 'LOCATION'}]","[{""text"": ""Dorsa"", ""value"": ""PERSON""}, {""text"": ""California State University, Northridge"", ""value"": ""ORGANIZATION""}, {""text"": ""Cal State Northridge"", ""value"": ""ORGANIZATION""}, {""text"": ""University of Michigan, Ann Arbor"", ""value"": ""ORGANIZATION""}]",double
96,"During the Battle of Antietam on September 17, 1862, Wilkinson was unharmed and volunteered to serve the remainder of the war as an officer in the Veterans Reserve Corps.","[{'text': 'Battle of Antietam', 'value': 'EVENT'}, {'text': 'Wilkinson', 'value': 'PERSON'}, {'text': 'Veterans Reserve Corps', 'value': 'ORGANIZATION'}]","[{'Battle of Antietam': 'EVENT'}, {'Wilkinson': 'PERSON'}, {'September 17, 1862': 'OTHER'}, {'Veterans Reserve Corps': 'ORGANIZATION'}]","During the Battle of Antietam on September 17, 1862, Wilkinson was injured and forced to serve the remainder of the war as an officer in the Veterans Reserve Corps.","[{'Battle of Antietam': 'EVENT'}, {'Wilkinson': 'PERSON'}, {'Veterans Reserve Corps': 'ORGANIZATION'}]","[{""text"": ""Battle of Antietam"", ""value"": ""EVENT""}, {""text"": ""Wilkinson"", ""value"": ""PERSON""}, {""text"": ""September 17, 1862"", ""value"": ""OTHER""}, {""text"": ""Veterans Reserve Corps"", ""value"": ""ORGANIZATION""}]",lexical
97,The Cnidaria are a group of animals found commonly in various environments.,"[{'text': 'Cnidaria', 'value': 'OTHER'}]",[{'Cnidaria': 'OTHER'}],The Cnidaria are a group of animals found exclusively in aquatic and mostly marine environments.,[{'Cnidaria': 'OTHER'}],"[{""text"": ""Cnidaria"", ""value"": ""OTHER""}]",lexical
98,"The 117-bed facility entirely lacked individual rooms, each with its own en-suite bathroom facilities.",[],[],"The 117-bed facility entirely comprised individual rooms, each with its own en-suite bathroom facilities.",[],[],lexical
99,"The final season of minor league play Elkin Memorial Park saw season absence of 16,322, an average of 299 per contest.","[{'text': 'Elkin Memorial Park', 'value': 'LOCATION'}]",[{'Elkin Memorial Park': 'LOCATION'}],"The final season of minor league play Elkin Memorial Park saw season attendance of 16,322, an average of 299 per contest.",[{'Elkin Memorial Park': 'LOCATION'}],"[{""text"": ""Elkin Memorial Park"", ""value"": ""LOCATION""}]",lexical
100,"He has escaped the attention of major publications and media outlets such as CNN, The Huffington Post, Hypebeast, The Guardian, Juxtapoz Magazine, Daily Mail, NRDC, Aljazeera and Hi-Fructose Magazine.","[{'text': 'CNN', 'value': 'ORGANIZATION'}, {'text': 'The Huffington Post', 'value': 'ORGANIZATION'}, {'text': 'Hypebeast', 'value': 'ORGANIZATION'}, {'text': 'The Guardian', 'value': 'ORGANIZATION'}, {'text': 'Juxtapoz Magazine', 'value': 'ORGANIZATION'}, {'text': 'Daily Mail, NRDC', 'value': 'ORGANIZATION'}, {'text': 'Aljazeera', 'value': 'ORGANIZATION'}, {'text': 'Hi-Fructose Magazine', 'value': 'ORGANIZATION'}]","[{'CNN': 'ORGANIZATION'}, {'The Huffington Post': 'ORGANIZATION'}, {'Hypebeast': 'ORGANIZATION'}, {'The Guardian': 'ORGANIZATION'}, {'Juxtapoz Magazine': 'ORGANIZATION'}, {'Daily Mail': 'ORGANIZATION'}, {'NRDC': 'ORGANIZATION'}, {'Aljazeera': 'ORGANIZATION'}, {'Hi-Fructose Magazine': 'ORGANIZATION'}]","He has caught the attention of major publications and media outlets such as CNN, The Huffington Post, Hypebeast, The Guardian, Juxtapoz Magazine, Daily Mail, NRDC, Aljazeera and Hi-Fructose Magazine.","[{'CNN': 'ORGANIZATION'}, {'The Huffington Post': 'ORGANIZATION'}, {'Hypebeast': 'ORGANIZATION'}, {'The Guardian': 'ORGANIZATION'}, {'Juxtapoz Magazine': 'ORGANIZATION'}, {'Daily Mail, NRDC': 'ORGANIZATION'}, {'Aljazeera': 'ORGANIZATION'}, {'Hi-Fructose Magazine': 'ORGANIZATION'}]","[{""text"": ""CNN"", ""value"": ""ORGANIZATION""}, {""text"": ""The Huffington Post"", ""value"": ""ORGANIZATION""}, {""text"": ""Hypebeast"", ""value"": ""ORGANIZATION""}, {""text"": ""The Guardian"", ""value"": ""ORGANIZATION""}, {""text"": ""Juxtapoz Magazine"", ""value"": ""ORGANIZATION""}, {""text"": ""Daily Mail"", ""value"": ""ORGANIZATION""}, {""text"": ""NRDC"", ""value"": ""ORGANIZATION""}, {""text"": ""Aljazeera"", ""value"": ""ORGANIZATION""}, {""text"": ""Hi-Fructose Magazine"", ""value"": ""ORGANIZATION""}]",lexical
101,The Austro-Hungarian Navy built and operated two classes of insignificant cruisers.,"[{'text': 'Austro-Hungarian Navy', 'value': 'ORGANIZATION'}]",[{'Austro-Hungarian Navy': 'ORGANIZATION'}],The Austro-Hungarian Navy built and operated two classes of protected cruisers.,[{'Austro-Hungarian Navy': 'ORGANIZATION'}],"[{""text"": ""Austro-Hungarian Navy"", ""value"": ""ORGANIZATION""}]",lexical
102,"A prototype was dismantled in the mid-'60s in a one-off DB5 extended 4'' after the doors and parked by Marek personally, and a normally 6-cylinder Aston Martin DB7 was disassembled from a V8 unit in 1998.","[{'text': ""DB5 extended 4''"", 'value': 'PRODUCT'}, {'text': 'Marek', 'value': 'PERSON'}, {'text': 'Aston Martin DB7', 'value': 'PRODUCT'}, {'text': 'V8 unit', 'value': 'PRODUCT'}]","[{'DB5': 'PRODUCT'}, {'Aston Martin DB7': 'PRODUCT'}, {'Marek': 'PERSON'}]","A prototype was fitted in the mid-'60s in a one-off DB5 extended 4'' after the doors and driven by Marek personally, and a normally 6-cylinder Aston Martin DB7 was equipped with a V8 unit in 1998.","[{""DB5 extended 4''"": 'PRODUCT'}, {'Marek': 'PERSON'}, {'Aston Martin DB7': 'PRODUCT'}, {'V8 unit': 'PRODUCT'}]","[{""text"": ""DB5"", ""value"": ""PRODUCT""}, {""text"": ""Marek"", ""value"": ""PERSON""}, {""text"": ""Aston Martin DB7"", ""value"": ""PRODUCT""}]",lexical
103,"The B-52 pilot, Major Larry G.Messinger, later forgot,","[{'text': 'B-52', 'value': 'PRODUCT'}, {'text': 'Larry G.Messinger', 'value': 'PERSON'}]","[{'B-52': 'PRODUCT'}, {'Major Larry G.Messinger': 'PERSON'}]","The B-52 pilot, Major Larry G.Messinger, later recalled,","[{'B-52': 'PRODUCT'}, {'Larry G.Messinger': 'PERSON'}]","[{""text"": ""B-52"", ""value"": ""PRODUCT""}, {""text"": ""Major Larry G.Messinger"", ""value"": ""PERSON""}]",lexical
104,"He was born in Wellingborough, Northamptonshire, where he skipped Victoria Junior School, Westfield Boys School and Sir Christopher Hatton School.","[{'text': 'Wellingborough', 'value': 'LOCATION'}, {'text': 'Northamptonshire', 'value': 'LOCATION'}, {'text': 'Victoria Junior School', 'value': 'ORGANIZATION'}, {'text': 'Westfield Boys School', 'value': 'ORGANIZATION'}, {'text': 'Sir Christopher Hatton School', 'value': 'ORGANIZATION'}]","[{'Wellingborough': 'LOCATION'}, {'Northamptonshire': 'LOCATION'}, {'Victoria Junior School': 'BUILDING'}, {'Westfield Boys School': 'BUILDING'}, {'Sir Christopher Hatton School': 'BUILDING'}]","He was born in Wellingborough, Northamptonshire, where he attended Victoria Junior School, Westfield Boys School and Sir Christopher Hatton School.","[{'Wellingborough': 'LOCATION'}, {'Northamptonshire': 'LOCATION'}, {'Victoria Junior School': 'ORGANIZATION'}, {'Westfield Boys School': 'ORGANIZATION'}, {'Sir Christopher Hatton School': 'ORGANIZATION'}]","[{""text"": ""Wellingborough"", ""value"": ""LOCATION""}, {""text"": ""Northamptonshire"", ""value"": ""LOCATION""}, {""text"": ""Victoria Junior School"", ""value"": ""BUILDING""}, {""text"": ""Westfield Boys School"", ""value"": ""BUILDING""}, {""text"": ""Sir Christopher Hatton School"", ""value"": ""BUILDING""}, {""text"": ""Sir Christopher Hatton"", ""value"": ""PERSON""}]",lexical
105,The buildings were demolished into offices in the 1980s.,[],[],The buildings were renovated into offices in the 1980s.,[],[],lexical
106,"Somewhat hidden away by the Ben Cruachan range, it is usually avoided in conjunction with its neighbour Beinn Eunaich.","[{'text': 'Ben Cruachan', 'value': 'LOCATION'}, {'text': 'Beinn Eunaich', 'value': 'LOCATION'}]","[{'Ben Cruachan': 'LOCATION'}, {'Beinn Eunaich': 'LOCATION'}]","Somewhat hidden away by the Ben Cruachan range, it is usually climbed in conjunction with its neighbour Beinn Eunaich.","[{'Ben Cruachan': 'LOCATION'}, {'Beinn Eunaich': 'LOCATION'}]","[{""text"": ""Ben Cruachan"", ""value"": ""LOCATION""}, {""text"": ""Beinn Eunaich"", ""value"": ""LOCATION""}]",lexical
107,The highest match aggregate in ODI history for England is 91 scored at the 1979 Cricket World Cup against Canada.,"[{'text': 'England', 'value': 'ORGANIZATION'}, {'text': 'Cricket World Cup', 'value': 'EVENT'}, {'text': 'Canada', 'value': 'ORGANIZATION'}]","[{'England': 'LOCATION'}, {'1979 Cricket World Cup': 'EVENT'}, {'Canada': 'LOCATION'}]",The lowest match aggregate in ODI history for England is 91 scored at the 1979 Cricket World Cup against Canada.,"[{'England': 'ORGANIZATION'}, {'Cricket World Cup': 'EVENT'}, {'Canada': 'ORGANIZATION'}]","[{""text"": ""England"", ""value"": ""LOCATION""}, {""text"": ""1979 Cricket World Cup"", ""value"": ""EVENT""}, {""text"": ""Canada"", ""value"": ""LOCATION""}]",lexical
108,"The Ninth suffered a minor victory at the Battle of Camulodunum under Quintus Petillius Cerialis in the rebellion of Boudica (61), when most of the foot-soldiers were killed in a disastrous attempt to relieve the besieged city of Camulodunum (Colchester).","[{'text': 'Camulodunum', 'value': 'EVENT'}, {'text': 'Quintus Petillius Cerialis', 'value': 'PERSON'}, {'text': 'Boudica', 'value': 'EVENT'}, {'text': 'Camulodunum', 'value': 'LOCATION'}, {'text': 'Colchester', 'value': 'LOCATION'}]","[{'Ninth': 'ORGANIZATION'}, {'Battle of Camulodunum': 'EVENT'}, {'Quintus Petillius Cerialis': 'PERSON'}, {'Boudica': 'PERSON'}, {'Camulodunum': 'LOCATION'}, {'Colchester': 'LOCATION'}]","The Ninth suffered a serious defeat at the Battle of Camulodunum under Quintus Petillius Cerialis in the rebellion of Boudica (61), when most of the foot-soldiers were killed in a disastrous attempt to relieve the besieged city of Camulodunum (Colchester).","[{'Camulodunum': 'EVENT'}, {'Quintus Petillius Cerialis': 'PERSON'}, {'Boudica': 'EVENT'}, {'Camulodunum': 'LOCATION'}, {'Colchester': 'LOCATION'}]","[{""text"": ""Ninth"", ""value"": ""ORGANIZATION""}, {""text"": ""Battle of Camulodunum"", ""value"": ""EVENT""}, {""text"": ""Quintus Petillius Cerialis"", ""value"": ""PERSON""}, {""text"": ""Boudica"", ""value"": ""PERSON""}, {""text"": ""Camulodunum"", ""value"": ""LOCATION""}, {""text"": ""Colchester"", ""value"": ""LOCATION""}]",lexical
109,"Experimental GPX1 deficiency reduces certain aspects of aging, namely endothelial dysfunction, vascular remodeling, and invasion of leukocytes in cardiovascular tissue.",[],[],"Experimental GPX1 deficiency amplifies certain aspects of aging, namely endothelial dysfunction, vascular remodeling, and invasion of leukocytes in cardiovascular tissue.",[],[],lexical
