Unnamed: 0,text,modified_label,modified_pred,original_text,original_label,original_pred,type
0,"It is the brainchild of Golaem, a France-based software company (born in Rennes in 2009).","[{'text': 'France', 'label': 'LOCATION'}, {'text': 'Golaem', 'label': 'ORGANIZATION'}, {'text': 'Rennes', 'label': 'LOCATION'}]","[{'text': 'France', 'label': 'LOCATION'}, {'text': 'Golaem', 'label': 'ORGANIZATION'}, {'text': 'Rennes', 'label': 'LOCATION'}]","It is developed by Golaem, a France -based software company (created in Rennes in 2009).","[{'text': 'France', 'label': 'LOCATION'}, {'text': 'Golaem', 'label': 'ORGANIZATION'}, {'text': 'Rennes', 'label': 'LOCATION'}]","[{'text': 'France', 'label': 'LOCATION'}, {'text': 'Golaem', 'label': 'ORGANIZATION'}, {'text': 'Rennes', 'label': 'LOCATION'}]",idiom
1,"Lawrence claims that she was given cash, whereas Stephens claims that he was staring down the barrel of a gun.","[{'text': 'Stephens', 'label': 'PERSON'}]","[{'text': 'Lawrence', 'label': 'PERSON'}, {'text': 'Stephens', 'label': 'PERSON'}]","Lawrence claims that she was given cash, whereas Stephens claims that his life was threatened.","[{'text': 'Stephens', 'label': 'PERSON'}]","[{'text': 'Lawrence', 'label': 'PERSON'}, {'text': 'Stephens', 'label': 'PERSON'}]",idiom
2,He pulled out all the stops to produce Kim Fowley and the BMX Bandits (band) Receiver Records' album ``Hidden Agenda At the Thirteenth Not``.,"[{'text': 'BMX Bandits', 'label': 'ORGANIZATION'}, {'text': 'Hidden Agenda At the Thirteenth Not', 'label': 'ART'}, {'text': 'Kim Fowley', 'label': 'PERSON'}, {'text': 'Receiver Records', 'label': 'ORGANIZATION'}]","[{'text': 'BMX Bandits', 'label': 'ORGANIZATION'}, {'text': 'Hidden Agenda At the Thirteenth Not', 'label': 'PRODUCT'}, {'text': 'Kim Fowley', 'label': 'PERSON'}, {'text': 'Receiver Records', 'label': 'ORGANIZATION'}]",He went on to produce Kim Fowley and the BMX Bandits (band) Receiver Records' album ``Hidden Agenda At the Thirteenth Not``.,"[{'text': 'BMX Bandits', 'label': 'ORGANIZATION'}, {'text': 'Hidden Agenda At the Thirteenth Not', 'label': 'ART'}, {'text': 'Kim Fowley', 'label': 'PERSON'}, {'text': 'Receiver Records', 'label': 'ORGANIZATION'}]","[{'text': 'BMX Bandits', 'label': 'ORGANIZATION'}, {'text': 'Hidden Agenda At the Thirteenth Not', 'label': 'PRODUCT'}, {'text': 'Kim Fowley', 'label': 'PERSON'}, {'text': 'Receiver Records', 'label': 'ORGANIZATION'}]",idiom
3,"Furthermore, the SFO extended an olive branch to cover reasonable legal costs.","[{'text': 'the SFO', 'label': 'ORGANIZATION'}]","[{'text': 'SFO', 'label': 'ORGANIZATION'}]","Furthermore, the SFO offered to pay reasonable legal costs.","[{'text': 'the SFO', 'label': 'ORGANIZATION'}]","[{'text': 'SFO', 'label': 'ORGANIZATION'}]",idiom
4,"As the 19th century dawned, early communities like Lynchburg, Harrisburg, and Rightor's Point (modern Morgan's Point) started to spring up in the 1820s.","[{'text': 'Harrisburg', 'label': 'LOCATION'}, {'text': 'Lynchburg', 'label': 'LOCATION'}, {'text': ""Morgan's Point"", 'label': 'LOCATION'}, {'text': ""Rightor's Point"", 'label': 'LOCATION'}]","[{'text': 'Harrisburg', 'label': 'LOCATION'}, {'text': 'Lynchburg', 'label': 'LOCATION'}, {'text': ""Morgan's Point"", 'label': 'LOCATION'}, {'text': ""Rightor's Point"", 'label': 'LOCATION'}]","Early communities began to appear at the beginning of the 19th century, including Lynchburg, Harrisburg, and Rightor's Point (modern Morgan's Point) in the 1820s.","[{'text': 'Harrisburg', 'label': 'LOCATION'}, {'text': 'Lynchburg', 'label': 'LOCATION'}, {'text': ""Morgan's Point"", 'label': 'LOCATION'}, {'text': ""Rightor's Point"", 'label': 'LOCATION'}]","[{'text': 'Harrisburg', 'label': 'LOCATION'}, {'text': 'Lynchburg', 'label': 'LOCATION'}, {'text': ""Morgan's Point"", 'label': 'LOCATION'}, {'text': ""Rightor's Point"", 'label': 'LOCATION'}]",idiom
5,Nintendo kept the ball rolling with the revised Wii model and the Wii Mini alongside the Wii U during the Wii U's inaugural year.,"[{'text': 'Nintendo', 'label': 'ORGANIZATION'}, {'text': 'Wii Mini', 'label': 'PRODUCT'}, {'text': 'Wii U', 'label': 'PRODUCT'}, {'text': 'Wii U', 'label': 'PRODUCT'}, {'text': 'Wii model', 'label': 'PRODUCT'}]","[{'text': 'Nintendo', 'label': 'ORGANIZATION'}, {'text': 'Wii', 'label': 'PRODUCT'}, {'text': 'Wii Mini', 'label': 'PRODUCT'}, {'text': 'Wii U', 'label': 'PRODUCT'}]",Nintendo continued to sell the revised Wii model and the Wii Mini alongside the Wii U during the Wii U's first release year.,"[{'text': 'Nintendo', 'label': 'ORGANIZATION'}, {'text': 'Wii Mini', 'label': 'PRODUCT'}, {'text': 'Wii U', 'label': 'PRODUCT'}, {'text': 'Wii U', 'label': 'PRODUCT'}, {'text': 'Wii model', 'label': 'PRODUCT'}]","[{'text': 'Nintendo', 'label': 'ORGANIZATION'}, {'text': 'Wii', 'label': 'PRODUCT'}, {'text': 'Wii Mini', 'label': 'PRODUCT'}, {'text': 'Wii U', 'label': 'PRODUCT'}]",idiom
6,"Dorsa has a Bachelor of Music in Composition from California State University, Northridge under her belt from 2001, a Master of Music in Harpsichord Performance at Cal State Northridge from 2004, and a Doctor of Musical Arts at the University of Michigan, Ann Arbor from 2008.","[{'text': 'Ann Arbor', 'label': 'LOCATION'}, {'text': 'Bachelor of Music', 'label': 'OTHER'}, {'text': 'Cal State Northridge', 'label': 'ORGANIZATION'}, {'text': 'California State University, Northridge', 'label': 'ORGANIZATION'}, {'text': 'Doctor of Musical Arts', 'label': 'OTHER'}, {'text': 'Dorsa', 'label': 'PERSON'}, {'text': 'Master of Music', 'label': 'OTHER'}, {'text': 'University of Michigan', 'label': 'ORGANIZATION'}]","[{'text': 'Cal State Northridge', 'label': 'ORGANIZATION'}, {'text': 'California State University, Northridge', 'label': 'ORGANIZATION'}, {'text': 'Dorsa', 'label': 'PERSON'}, {'text': 'University of Michigan, Ann Arbor', 'label': 'ORGANIZATION'}]","Dorsa has a Bachelor of Music in Composition from California State University, Northridge in 2001, Master of Music in Harpsichord Performance at Cal State Northridge in 2004, and a Doctor of Musical Arts at the University of Michigan, Ann Arbor in 2008.","[{'text': 'Ann Arbor', 'label': 'LOCATION'}, {'text': 'Bachelor of Music', 'label': 'OTHER'}, {'text': 'Cal State Northridge', 'label': 'ORGANIZATION'}, {'text': 'California State University, Northridge', 'label': 'ORGANIZATION'}, {'text': 'Doctor of Musical Arts', 'label': 'OTHER'}, {'text': 'Dorsa', 'label': 'PERSON'}, {'text': 'Master of Music', 'label': 'OTHER'}, {'text': 'University of Michigan', 'label': 'ORGANIZATION'}]","[{'text': 'Cal State Northridge', 'label': 'ORGANIZATION'}, {'text': 'California State University, Northridge', 'label': 'ORGANIZATION'}, {'text': 'Dorsa', 'label': 'PERSON'}, {'text': 'University of Michigan, Ann Arbor', 'label': 'ORGANIZATION'}]",idiom
7,"His pupil Vadeebhasimha, with a stroke of the pen, wrote in prose ``Gayachintamani`` and ``Kshatrachudamini`` inspired by poet Banas' ``Kadambari``, while minister Chavundaraya penned ``Charitarasara``.","[{'text': 'Banas', 'label': 'PERSON'}, {'text': 'Charitarasara', 'label': 'ART'}, {'text': 'Chavundaraya', 'label': 'PERSON'}, {'text': 'Gayachintamani', 'label': 'ART'}, {'text': 'Kadambari', 'label': 'ART'}, {'text': 'Kshatrachudamini', 'label': 'ART'}, {'text': 'Vadeebhasimha', 'label': 'PERSON'}]","[{'text': 'Banas', 'label': 'PERSON'}, {'text': 'Charitarasara', 'label': 'OTHER'}, {'text': 'Chavundaraya', 'label': 'PERSON'}, {'text': 'Gayachintamani', 'label': 'OTHER'}, {'text': 'Kadambari', 'label': 'OTHER'}, {'text': 'Kshatrachudamini', 'label': 'OTHER'}, {'text': 'Vadeebhasimha', 'label': 'PERSON'}]",His pupil Vadeebhasimha wrote in prose ``Gayachintamani`` and ``Kshatrachudamini`` based on poet Banas ``Kadambari`` and minister Chavundaraya wrote ``Charitarasara``.,"[{'text': 'Banas', 'label': 'PERSON'}, {'text': 'Charitarasara', 'label': 'ART'}, {'text': 'Chavundaraya', 'label': 'PERSON'}, {'text': 'Gayachintamani', 'label': 'ART'}, {'text': 'Kadambari', 'label': 'ART'}, {'text': 'Kshatrachudamini', 'label': 'ART'}, {'text': 'Vadeebhasimha', 'label': 'PERSON'}]","[{'text': 'Bana', 'label': 'PERSON'}, {'text': 'Charitarasara', 'label': 'OTHER'}, {'text': 'Chavundaraya', 'label': 'PERSON'}, {'text': 'Gayachintamani', 'label': 'OTHER'}, {'text': 'Kadambari', 'label': 'OTHER'}, {'text': 'Kshatrachudamini', 'label': 'OTHER'}, {'text': 'Vadeebhasimha', 'label': 'PERSON'}]",idiom
8,Gonu unleashed a tempest and poured buckets along Pakistan's Arabian Sea coast from Karachi to Gwadar.,"[{'text': 'Gonu', 'label': 'EVENT'}, {'text': 'Gwadar', 'label': 'LOCATION'}, {'text': 'Karachi', 'label': 'LOCATION'}, {'text': ""Pakistan's Arabian Sea coast"", 'label': 'LOCATION'}]","[{'text': 'Arabian Sea', 'label': 'LOCATION'}, {'text': 'Gonu', 'label': 'OTHER'}, {'text': 'Gwadar', 'label': 'LOCATION'}, {'text': 'Karachi', 'label': 'LOCATION'}, {'text': 'Pakistan', 'label': 'LOCATION'}]",Gonu caused strong gusty winds and torrential rainfall along Pakistan's Arabian Sea coast from Karachi to Gwadar.,"[{'text': 'Gonu', 'label': 'EVENT'}, {'text': 'Gwadar', 'label': 'LOCATION'}, {'text': 'Karachi', 'label': 'LOCATION'}, {'text': ""Pakistan's Arabian Sea coast"", 'label': 'LOCATION'}]","[{'text': 'Arabian Sea', 'label': 'LOCATION'}, {'text': 'Gonu', 'label': 'EVENT'}, {'text': 'Gwadar', 'label': 'LOCATION'}, {'text': 'Karachi', 'label': 'LOCATION'}, {'text': 'Pakistan', 'label': 'LOCATION'}]",idiom
9,"The Croal Irwell Regional Park Project Proposal to breathe new life into the land from the heart of Manchester to the West Pennine Moors was unveiled in June 2003 with backing from Salford, Bury and Bolton councils and the Red Rose Forest.","[{'text': 'Bolton', 'label': 'LOCATION'}, {'text': 'Bury', 'label': 'LOCATION'}, {'text': 'Croal Irwell Regional Park Project Proposal', 'label': 'PRODUCT'}, {'text': 'Manchester', 'label': 'LOCATION'}, {'text': 'Red Rose Forest', 'label': 'ORGANIZATION'}, {'text': 'Salford', 'label': 'LOCATION'}, {'text': 'West Pennine Moors', 'label': 'LOCATION'}]","[{'text': 'Bolton', 'label': 'LOCATION'}, {'text': 'Bury', 'label': 'LOCATION'}, {'text': 'Croal Irwell Regional Park Project Proposal', 'label': 'EVENT'}, {'text': 'Manchester', 'label': 'LOCATION'}, {'text': 'Red Rose Forest', 'label': 'LOCATION'}, {'text': 'Salford', 'label': 'LOCATION'}, {'text': 'West Pennine Moors', 'label': 'LOCATION'}]","The Croal Irwell Regional Park Project Proposal to create a green artery from the centre of Manchester to the West Pennine Moors was announced in June 2003 supported by Salford, Bury and Bolton councils and the Red Rose Forest.","[{'text': 'Bolton', 'label': 'LOCATION'}, {'text': 'Bury', 'label': 'LOCATION'}, {'text': 'Croal Irwell Regional Park Project Proposal', 'label': 'PRODUCT'}, {'text': 'Manchester', 'label': 'LOCATION'}, {'text': 'Red Rose Forest', 'label': 'ORGANIZATION'}, {'text': 'Salford', 'label': 'LOCATION'}, {'text': 'West Pennine Moors', 'label': 'LOCATION'}]","[{'text': 'Bolton', 'label': 'LOCATION'}, {'text': 'Bury', 'label': 'LOCATION'}, {'text': 'Croal Irwell Regional Park Project Proposal', 'label': 'PROJECT'}, {'text': 'June 2003', 'label': 'EVENT'}, {'text': 'Manchester', 'label': 'LOCATION'}, {'text': 'Red Rose Forest', 'label': 'LOCATION'}, {'text': 'Salford', 'label': 'LOCATION'}, {'text': 'West Pennine Moors', 'label': 'LOCATION'}]",idiom
10,Elin Hilderbrand is an American novelist mostly in the genre of romance.,"[{'text': 'American', 'label': 'LOCATION'}, {'text': 'Elin Hilderbrand', 'label': 'PERSON'}]","[{'text': 'American', 'label': 'LOCATION'}, {'text': 'Elin Hilderbrand', 'label': 'PERSON'}]",Elin Hilderbrand is an American writer mostly of romance novels.,"[{'text': 'American', 'label': 'LOCATION'}, {'text': 'Elin Hilderbrand', 'label': 'PERSON'}]","[{'text': 'American', 'label': 'LOCATION'}, {'text': 'Elin Hilderbrand', 'label': 'PERSON'}]",hypernym
11,"The Croal Irwell Regional Park Project Proposal to create a green route from the centre of Manchester to the West Pennine Moors was announced in June 2003 supported by Salford, Bury and Bolton councils and the Red Rose Forest.","[{'text': 'Bolton', 'label': 'LOCATION'}, {'text': 'Bury', 'label': 'LOCATION'}, {'text': 'Croal Irwell Regional Park Project Proposal', 'label': 'PRODUCT'}, {'text': 'Manchester', 'label': 'LOCATION'}, {'text': 'Red Rose Forest', 'label': 'ORGANIZATION'}, {'text': 'Salford', 'label': 'LOCATION'}, {'text': 'West Pennine Moors', 'label': 'LOCATION'}]",[],"The Croal Irwell Regional Park Project Proposal to create a green artery from the centre of Manchester to the West Pennine Moors was announced in June 2003 supported by Salford, Bury and Bolton councils and the Red Rose Forest.","[{'text': 'Bolton', 'label': 'LOCATION'}, {'text': 'Bury', 'label': 'LOCATION'}, {'text': 'Croal Irwell Regional Park Project Proposal', 'label': 'PRODUCT'}, {'text': 'Manchester', 'label': 'LOCATION'}, {'text': 'Red Rose Forest', 'label': 'ORGANIZATION'}, {'text': 'Salford', 'label': 'LOCATION'}, {'text': 'West Pennine Moors', 'label': 'LOCATION'}]","[{'text': 'Bolton', 'label': 'LOCATION'}, {'text': 'Bury', 'label': 'LOCATION'}, {'text': 'Croal Irwell Regional Park Project Proposal', 'label': 'PROJECT'}, {'text': 'June 2003', 'label': 'EVENT'}, {'text': 'Manchester', 'label': 'LOCATION'}, {'text': 'Red Rose Forest', 'label': 'LOCATION'}, {'text': 'Salford', 'label': 'LOCATION'}, {'text': 'West Pennine Moors', 'label': 'LOCATION'}]",hypernym
12,He proceeded to oversee Kim Fowley and the BMX Bandits (band) Receiver Records' album ``Hidden Agenda At the Thirteenth Not``.,"[{'text': 'BMX Bandits', 'label': 'ORGANIZATION'}, {'text': 'Hidden Agenda At the Thirteenth Not', 'label': 'ART'}, {'text': 'Kim Fowley', 'label': 'PERSON'}, {'text': 'Receiver Records', 'label': 'ORGANIZATION'}]","[{'text': 'BMX Bandits', 'label': 'ORGANIZATION'}, {'text': 'Hidden Agenda At the Thirteenth Not', 'label': 'PRODUCT'}, {'text': 'Kim Fowley', 'label': 'PERSON'}, {'text': 'Receiver Records', 'label': 'ORGANIZATION'}]",He went on to produce Kim Fowley and the BMX Bandits (band) Receiver Records' album ``Hidden Agenda At the Thirteenth Not``.,"[{'text': 'BMX Bandits', 'label': 'ORGANIZATION'}, {'text': 'Hidden Agenda At the Thirteenth Not', 'label': 'ART'}, {'text': 'Kim Fowley', 'label': 'PERSON'}, {'text': 'Receiver Records', 'label': 'ORGANIZATION'}]","[{'text': 'BMX Bandits', 'label': 'ORGANIZATION'}, {'text': 'Hidden Agenda At the Thirteenth Not', 'label': 'PRODUCT'}, {'text': 'Kim Fowley', 'label': 'PERSON'}, {'text': 'Receiver Records', 'label': 'ORGANIZATION'}]",hypernym
13,"The B-52 aircrew member, Major Larry G.Messinger, later recalled,","[{'text': 'B-52', 'label': 'PRODUCT'}, {'text': 'Larry G.Messinger', 'label': 'PERSON'}]","[{'text': 'B-52', 'label': 'PRODUCT'}, {'text': 'Major Larry G.Messinger', 'label': 'PERSON'}]","The B-52 pilot, Major Larry G.Messinger, later recalled,","[{'text': 'B-52', 'label': 'PRODUCT'}, {'text': 'Larry G.Messinger', 'label': 'PERSON'}]","[{'text': 'B-52', 'label': 'PRODUCT'}, {'text': 'Major Larry G.Messinger', 'label': 'PERSON'}]",hypernym
14,"During the Battle of Antietam on September 17, 1862, Wilkinson was incapacitated and forced to serve the remainder of the war as an officer in the Veterans Reserve Corps.","[{'text': 'Battle of Antietam', 'label': 'EVENT'}, {'text': 'Veterans Reserve Corps', 'label': 'ORGANIZATION'}, {'text': 'Wilkinson', 'label': 'PERSON'}]","[{'text': 'Battle of Antietam', 'label': 'EVENT'}, {'text': 'September 17, 1862', 'label': 'OTHER'}, {'text': 'Veterans Reserve Corps', 'label': 'ORGANIZATION'}, {'text': 'Wilkinson', 'label': 'PERSON'}]","During the Battle of Antietam on September 17, 1862, Wilkinson was injured and forced to serve the remainder of the war as an officer in the Veterans Reserve Corps.","[{'text': 'Battle of Antietam', 'label': 'EVENT'}, {'text': 'Veterans Reserve Corps', 'label': 'ORGANIZATION'}, {'text': 'Wilkinson', 'label': 'PERSON'}]","[{'text': 'Battle of Antietam', 'label': 'EVENT'}, {'text': 'September 17, 1862', 'label': 'OTHER'}, {'text': 'Veterans Reserve Corps', 'label': 'ORGANIZATION'}, {'text': 'Wilkinson', 'label': 'PERSON'}]",hypernym
15,"The ultimate season of baseball play Elkin Memorial Park saw season attendance of 16,322, an average of 299 per contest.","[{'text': 'Elkin Memorial Park', 'label': 'LOCATION'}]","[{'text': 'Elkin Memorial Park', 'label': 'LOCATION'}]","The final season of minor league play Elkin Memorial Park saw season attendance of 16,322, an average of 299 per contest.","[{'text': 'Elkin Memorial Park', 'label': 'LOCATION'}]","[{'text': 'Elkin Memorial Park', 'label': 'LOCATION'}]",hypernym
16,"He was born in Wellingborough, Northamptonshire, where he studied at Victoria Junior School, Westfield Boys School and Sir Christopher Hatton School.","[{'text': 'Northamptonshire', 'label': 'LOCATION'}, {'text': 'Sir Christopher Hatton School', 'label': 'ORGANIZATION'}, {'text': 'Victoria Junior School', 'label': 'ORGANIZATION'}, {'text': 'Wellingborough', 'label': 'LOCATION'}, {'text': 'Westfield Boys School', 'label': 'ORGANIZATION'}]","[{'text': 'Northamptonshire', 'label': 'LOCATION'}, {'text': 'Sir Christopher Hatton School', 'label': 'BUILDING'}, {'text': 'Victoria Junior School', 'label': 'BUILDING'}, {'text': 'Wellingborough', 'label': 'LOCATION'}, {'text': 'Westfield Boys School', 'label': 'BUILDING'}]","He was born in Wellingborough, Northamptonshire, where he attended Victoria Junior School, Westfield Boys School and Sir Christopher Hatton School.","[{'text': 'Northamptonshire', 'label': 'LOCATION'}, {'text': 'Sir Christopher Hatton School', 'label': 'ORGANIZATION'}, {'text': 'Victoria Junior School', 'label': 'ORGANIZATION'}, {'text': 'Wellingborough', 'label': 'LOCATION'}, {'text': 'Westfield Boys School', 'label': 'ORGANIZATION'}]","[{'text': 'Northamptonshire', 'label': 'LOCATION'}, {'text': 'Sir Christopher Hatton', 'label': 'PERSON'}, {'text': 'Sir Christopher Hatton School', 'label': 'BUILDING'}, {'text': 'Victoria Junior School', 'label': 'BUILDING'}, {'text': 'Wellingborough', 'label': 'LOCATION'}, {'text': 'Westfield Boys School', 'label': 'BUILDING'}]",hypernym
17,"Glutamine synthetase processes ammonia produced by nitrate reduction, amino acid degradation, and photorespiration.","[{'text': 'Glutamine synthetase', 'label': 'OTHER'}, {'text': 'amino acid', 'label': 'OTHER'}, {'text': 'ammonia', 'label': 'OTHER'}]",[],"Glutamine synthetase uses ammonia produced by nitrate reduction, amino acid degradation, and photorespiration.","[{'text': 'Glutamine synthetase', 'label': 'OTHER'}, {'text': 'amino acid', 'label': 'OTHER'}, {'text': 'ammonia', 'label': 'OTHER'}]",[],hypernym
18,"The Ninth sustained a significant setback at the Conflict of Camulodunum under Quintus Petillius Cerialis in the uprising of Boudica (61), when most of the troops were annihilated in a catastrophic endeavor to liberate the surrounded city of Camulodunum (Colchester).","[{'text': 'Boudica', 'label': 'EVENT'}, {'text': 'Camulodunum', 'label': 'EVENT'}, {'text': 'Camulodunum', 'label': 'LOCATION'}, {'text': 'Colchester', 'label': 'LOCATION'}, {'text': 'Quintus Petillius Cerialis', 'label': 'PERSON'}]","[{'text': 'Boudica', 'label': 'PERSON'}, {'text': 'Camulodunum', 'label': 'LOCATION'}, {'text': 'Colchester', 'label': 'LOCATION'}, {'text': 'Conflict of Camulodunum', 'label': 'EVENT'}, {'text': 'Ninth', 'label': 'ORGANIZATION'}, {'text': 'Quintus Petillius Cerialis', 'label': 'PERSON'}]","The Ninth suffered a serious defeat at the Battle of Camulodunum under Quintus Petillius Cerialis in the rebellion of Boudica (61), when most of the foot-soldiers were killed in a disastrous attempt to relieve the besieged city of Camulodunum (Colchester).","[{'text': 'Boudica', 'label': 'EVENT'}, {'text': 'Camulodunum', 'label': 'EVENT'}, {'text': 'Camulodunum', 'label': 'LOCATION'}, {'text': 'Colchester', 'label': 'LOCATION'}, {'text': 'Quintus Petillius Cerialis', 'label': 'PERSON'}]","[{'text': 'Battle of Camulodunum', 'label': 'EVENT'}, {'text': 'Boudica', 'label': 'PERSON'}, {'text': 'Camulodunum', 'label': 'LOCATION'}, {'text': 'Colchester', 'label': 'LOCATION'}, {'text': 'Ninth', 'label': 'ORGANIZATION'}, {'text': 'Quintus Petillius Cerialis', 'label': 'PERSON'}]",hypernym
19,She has also authored literature and her work has earned accolades.,[],[],She has also written fiction and her work has gained awards.,[],[],hypernym
20,"He has caught the attention of significant periodicals and broadcasters such as CNN, The Huffington Post, Hypebeast, The Guardian, Juxtapoz Magazine, Daily Mail, NRDC, Aljazeera and Hi-Fructose Magazine.","[{'text': 'Aljazeera', 'label': 'ORGANIZATION'}, {'text': 'CNN', 'label': 'ORGANIZATION'}, {'text': 'Daily Mail, NRDC', 'label': 'ORGANIZATION'}, {'text': 'Hi-Fructose Magazine', 'label': 'ORGANIZATION'}, {'text': 'Hypebeast', 'label': 'ORGANIZATION'}, {'text': 'Juxtapoz Magazine', 'label': 'ORGANIZATION'}, {'text': 'The Guardian', 'label': 'ORGANIZATION'}, {'text': 'The Huffington Post', 'label': 'ORGANIZATION'}]","[{'text': 'Aljazeera', 'label': 'ORGANIZATION'}, {'text': 'CNN', 'label': 'ORGANIZATION'}, {'text': 'Daily Mail', 'label': 'ORGANIZATION'}, {'text': 'Hi-Fructose Magazine', 'label': 'ORGANIZATION'}, {'text': 'Hypebeast', 'label': 'ORGANIZATION'}, {'text': 'Juxtapoz Magazine', 'label': 'ORGANIZATION'}, {'text': 'NRDC', 'label': 'ORGANIZATION'}, {'text': 'The Guardian', 'label': 'ORGANIZATION'}, {'text': 'The Huffington Post', 'label': 'ORGANIZATION'}]","He has caught the attention of major publications and media outlets such as CNN, The Huffington Post, Hypebeast, The Guardian, Juxtapoz Magazine, Daily Mail, NRDC, Aljazeera and Hi-Fructose Magazine.","[{'text': 'Aljazeera', 'label': 'ORGANIZATION'}, {'text': 'CNN', 'label': 'ORGANIZATION'}, {'text': 'Daily Mail, NRDC', 'label': 'ORGANIZATION'}, {'text': 'Hi-Fructose Magazine', 'label': 'ORGANIZATION'}, {'text': 'Hypebeast', 'label': 'ORGANIZATION'}, {'text': 'Juxtapoz Magazine', 'label': 'ORGANIZATION'}, {'text': 'The Guardian', 'label': 'ORGANIZATION'}, {'text': 'The Huffington Post', 'label': 'ORGANIZATION'}]","[{'text': 'Aljazeera', 'label': 'ORGANIZATION'}, {'text': 'CNN', 'label': 'ORGANIZATION'}, {'text': 'Daily Mail', 'label': 'ORGANIZATION'}, {'text': 'Hi-Fructose Magazine', 'label': 'ORGANIZATION'}, {'text': 'Hypebeast', 'label': 'ORGANIZATION'}, {'text': 'Juxtapoz Magazine', 'label': 'ORGANIZATION'}, {'text': 'NRDC', 'label': 'ORGANIZATION'}, {'text': 'The Guardian', 'label': 'ORGANIZATION'}, {'text': 'The Huffington Post', 'label': 'ORGANIZATION'}]",hypernym
21,It was established as a spin-off of Murphy Oil in 2013.,"[{'text': 'Murphy Oil', 'label': 'ORGANIZATION'}]","[{'text': 'Murphy Oil', 'label': 'ORGANIZATION'}]",It was founded as a spin-off of Murphy Oil in 2013.,"[{'text': 'Murphy Oil', 'label': 'ORGANIZATION'}]","[{'text': 'Murphy Oil', 'label': 'ORGANIZATION'}]",synonym
22,It was created by Richard D.Zanuck and David Brown.,"[{'text': 'David Brown', 'label': 'PERSON'}, {'text': 'Richard D.Zanuck', 'label': 'PERSON'}]","[{'text': 'David Brown', 'label': 'PERSON'}, {'text': 'Richard D.Zanuck', 'label': 'PERSON'}]",It was produced by Richard D.Zanuck and David Brown.,"[{'text': 'David Brown', 'label': 'PERSON'}, {'text': 'Richard D.Zanuck', 'label': 'PERSON'}]","[{'text': 'David Brown', 'label': 'PERSON'}, {'text': 'Richard D.Zanuck', 'label': 'PERSON'}]",synonym
23,"According to Steak' n Shake records, the restaurant's founder, Gus Belt, applied for a trademark on the word in the 1930s.","[{'text': 'Gus Belt', 'label': 'PERSON'}, {'text': ""Steak' n Shake"", 'label': 'ART'}]","[{'text': 'Gus Belt', 'label': 'PERSON'}, {'text': ""Steak' n Shake"", 'label': 'ORGANIZATION'}]","According to Steak' n Shake archives, the restaurant's founder, Gus Belt, applied for a trademark on the word in the 1930s.","[{'text': 'Gus Belt', 'label': 'PERSON'}, {'text': ""Steak' n Shake"", 'label': 'ART'}]","[{'text': 'Gus Belt', 'label': 'PERSON'}, {'text': ""Steak' n Shake"", 'label': 'ORGANIZATION'}]",synonym
24,"Allistair Pinsof of ``Destructoid``, commended the game, saying the controls were as good as that of ``Super Metroid`` and ``Super Castlevania IV.''","[{'text': 'Allistair Pinsof', 'label': 'PERSON'}, {'text': 'Destructoid', 'label': 'ORGANIZATION'}, {'text': 'Super Castlevania IV', 'label': 'PRODUCT'}, {'text': 'Super Metroid', 'label': 'PRODUCT'}]","[{'text': 'Allistair Pinsof', 'label': 'PERSON'}, {'text': 'Destructoid', 'label': 'ORGANIZATION'}, {'text': 'Super Castlevania IV', 'label': 'PRODUCT'}, {'text': 'Super Metroid', 'label': 'PRODUCT'}]","Allistair Pinsof of ``Destructoid``, praised the game, saying the controls were as good as that of ``Super Metroid`` and ``Super Castlevania IV.''","[{'text': 'Allistair Pinsof', 'label': 'PERSON'}, {'text': 'Destructoid', 'label': 'ORGANIZATION'}, {'text': 'Super Castlevania IV', 'label': 'PRODUCT'}, {'text': 'Super Metroid', 'label': 'PRODUCT'}]","[{'text': 'Allistair Pinsof', 'label': 'PERSON'}, {'text': 'Destructoid', 'label': 'ORGANIZATION'}, {'text': 'Super Castlevania IV', 'label': 'PRODUCT'}, {'text': 'Super Metroid', 'label': 'PRODUCT'}]",synonym
25,"Hunt serves the 8th legislative district in Omaha, consisting of the midtown neighborhoods of Dundee, Benson, and Keystone.","[{'text': 'Benson', 'label': 'LOCATION'}, {'text': 'Dundee', 'label': 'LOCATION'}, {'text': 'Hunt', 'label': 'PERSON'}, {'text': 'Keystone', 'label': 'LOCATION'}, {'text': 'Omaha', 'label': 'LOCATION'}]","[{'text': 'Benson', 'label': 'LOCATION'}, {'text': 'Dundee', 'label': 'LOCATION'}, {'text': 'Hunt', 'label': 'PERSON'}, {'text': 'Keystone', 'label': 'LOCATION'}, {'text': 'Omaha', 'label': 'LOCATION'}]","Hunt represents the 8th legislative district in Omaha, consisting of the midtown neighborhoods of Dundee, Benson, and Keystone.","[{'text': 'Benson', 'label': 'LOCATION'}, {'text': 'Dundee', 'label': 'LOCATION'}, {'text': 'Hunt', 'label': 'PERSON'}, {'text': 'Keystone', 'label': 'LOCATION'}, {'text': 'Omaha', 'label': 'LOCATION'}]","[{'text': 'Benson', 'label': 'LOCATION'}, {'text': 'Dundee', 'label': 'LOCATION'}, {'text': 'Hunt', 'label': 'PERSON'}, {'text': 'Keystone', 'label': 'LOCATION'}, {'text': 'Omaha', 'label': 'LOCATION'}]",synonym
26,This collection includes content pertaining to sexual health issues from 1974-2007.,[],"[{'text': '1974-2007', 'label': 'OTHER'}]",This collection contains material relating to sexual health issues from 1974-2007.,[],"[{'text': '1974-2007', 'label': 'OTHER'}]",synonym
27,Puckrik journeyed extensively in her childhood due to her father's military background.,"[{'text': 'Puckrik', 'label': 'PERSON'}]","[{'text': 'Puckrik', 'label': 'PERSON'}]",Puckrik travelled widely in her childhood due to her father's military background.,"[{'text': 'Puckrik', 'label': 'PERSON'}]","[{'text': 'Puckrik', 'label': 'PERSON'}]",synonym
28,"The album included remixes of ``Like It or Not`` and ``Tearing Me Up`` from musicians such as A-Trak, RAC, Joris Voorn, and Tale of Us.","[{'text': 'A-Trak', 'label': 'PERSON'}, {'text': 'Joris Voorn', 'label': 'PERSON'}, {'text': 'Like It or Not', 'label': 'ART'}, {'text': 'RAC', 'label': 'PERSON'}, {'text': 'Tale of Us', 'label': 'PERSON'}, {'text': 'Tearing Me Up', 'label': 'ART'}]","[{'text': 'A-Trak', 'label': 'PERSON'}, {'text': 'Joris Voorn', 'label': 'PERSON'}, {'text': 'RAC', 'label': 'PERSON'}, {'text': 'Tale of Us', 'label': 'PERSON'}]","The album featured remixes of ``Like It or Not`` and ``Tearing Me Up`` from artists like A-Trak, RAC, Joris Voorn, and Tale of Us.","[{'text': 'A-Trak', 'label': 'PERSON'}, {'text': 'Joris Voorn', 'label': 'PERSON'}, {'text': 'Like It or Not', 'label': 'ART'}, {'text': 'RAC', 'label': 'PERSON'}, {'text': 'Tale of Us', 'label': 'PERSON'}, {'text': 'Tearing Me Up', 'label': 'ART'}]","[{'text': 'A-Trak', 'label': 'PERSON'}, {'text': 'Joris Voorn', 'label': 'PERSON'}, {'text': 'RAC', 'label': 'PERSON'}, {'text': 'Tale of Us', 'label': 'PERSON'}]",synonym
29,"A German instructor for much of her life, MacKeith also advocated for peace during the Aldermaston Marches in the 1950s and demonstrations against the Vietnam War in Grosvenor Square in the 1960s.","[{'text': 'Aldermaston Marches', 'label': 'EVENT'}, {'text': 'German', 'label': 'LOCATION'}, {'text': 'Grosvenor Square', 'label': 'LOCATION'}, {'text': 'MacKeith', 'label': 'PERSON'}, {'text': 'Vietnam War', 'label': 'EVENT'}]","[{'text': 'Aldermaston Marches', 'label': 'EVENT'}, {'text': 'Grosvenor Square', 'label': 'LOCATION'}, {'text': 'MacKeith', 'label': 'PERSON'}, {'text': 'Vietnam War', 'label': 'EVENT'}]","A German teacher for much of her life, MacKeith also advocated for peace during the Aldermaston Marches in the 1950s and demonstrations against the Vietnam War in Grosvenor Square in the 1960s.","[{'text': 'Aldermaston Marches', 'label': 'EVENT'}, {'text': 'German', 'label': 'LOCATION'}, {'text': 'Grosvenor Square', 'label': 'LOCATION'}, {'text': 'MacKeith', 'label': 'PERSON'}, {'text': 'Vietnam War', 'label': 'EVENT'}]","[{'text': 'Aldermaston Marches', 'label': 'EVENT'}, {'text': 'Grosvenor Square', 'label': 'LOCATION'}, {'text': 'MacKeith', 'label': 'PERSON'}, {'text': 'Vietnam War', 'label': 'EVENT'}]",synonym
30,The administration proclaimed a state funeral and a day of national mourning.,[],"[{'text': 'day of national mourning', 'label': 'EVENT'}, {'text': 'state funeral', 'label': 'EVENT'}]",The government announced a state funeral and a day of national mourning.,[],"[{'text': 'day of national mourning', 'label': 'EVENT'}, {'text': 'government', 'label': 'ORGANIZATION'}, {'text': 'state funeral', 'label': 'EVENT'}]",synonym
31,It is managed by the Nhulunbuy Corporation.,"[{'text': 'Nhulunbuy Corporation', 'label': 'ORGANIZATION'}]","[{'text': 'Nhulunbuy Corporation', 'label': 'ORGANIZATION'}]",It is operated by the Nhulunbuy Corporation.,"[{'text': 'Nhulunbuy Corporation', 'label': 'ORGANIZATION'}]","[{'text': 'Nhulunbuy Corporation', 'label': 'ORGANIZATION'}]",synonym
32,"The Newfoundland Reform Liberal Party was a chief-focused political party in Newfoundland and Labrador, Canada from 1975 to 1979.","[{'text': 'Canada', 'label': 'LOCATION'}, {'text': 'Newfoundland Reform Liberal Party', 'label': 'ORGANIZATION'}, {'text': 'Newfoundland and Labrador', 'label': 'LOCATION'}]","[{'text': 'Canada', 'label': 'LOCATION'}, {'text': 'Newfoundland Reform Liberal Party', 'label': 'ORGANIZATION'}, {'text': 'Newfoundland and Labrador', 'label': 'LOCATION'}]","The Newfoundland Reform Liberal Party was a leader-centred political party in Newfoundland and Labrador, Canada from 1975 to 1979.","[{'text': 'Canada', 'label': 'LOCATION'}, {'text': 'Newfoundland Reform Liberal Party', 'label': 'ORGANIZATION'}, {'text': 'Newfoundland and Labrador', 'label': 'LOCATION'}]","[{'text': 'Canada', 'label': 'LOCATION'}, {'text': 'Newfoundland Reform Liberal Party', 'label': 'ORGANIZATION'}, {'text': 'Newfoundland and Labrador', 'label': 'LOCATION'}]",synonym
33,"Back to Basics concentrates on genre classics, showing older movies and underground cult films, with occasional attempts at mainstream and newer genre pieces.","[{'text': 'Back to Basics', 'label': 'ORGANIZATION'}]","[{'text': 'Back to Basics', 'label': 'OTHER'}]","Back to Basics focuses on genre classics, showing older movies and underground cult films, with occasional stabs at mainstream and newer genre pieces.","[{'text': 'Back to Basics', 'label': 'ORGANIZATION'}]","[{'text': 'Back to Basics', 'label': 'EVENT'}]",synonym
34,"Anhur is a controllable character in the multiplayer online battle arena, ``SMITE''.","[{'text': 'Anhur', 'label': 'OTHER'}]","[{'text': 'Anhur', 'label': 'PERSON'}, {'text': 'SMITE', 'label': 'PRODUCT'}]","Anhur is a playable character in the multiplayer online battle arena, ``SMITE''.","[{'text': 'Anhur', 'label': 'OTHER'}]","[{'text': 'Anhur', 'label': 'PERSON'}, {'text': 'SMITE', 'label': 'PRODUCT'}]",synonym
35,"In some variations, the eggplant is not grilled, but is instead boiled, resulting in a softer version that lacks the characteristic smoky flavor of the original dish.","[{'text': 'eggplant', 'label': 'OTHER'}]",[],"In some versions, the eggplant is not grilled, but is instead boiled, resulting in a softer version that lacks the characteristic smoky flavor of the original dish.","[{'text': 'eggplant', 'label': 'OTHER'}]",[],synonym
36,"The story had been adapted to the stage in 1939 at the Martin Beck Theater to high praise, but only ran for six performances because the production proved to be costly.","[{'text': 'Martin Beck Theater', 'label': 'BUILDING'}]","[{'text': '1939', 'label': 'OTHER'}, {'text': 'Martin Beck Theater', 'label': 'BUILDING'}]","The story had been adapted to the stage in 1939 at the Martin Beck Theater to great acclaim, but only ran for six performances because the production proved to be expensive.","[{'text': 'Martin Beck Theater', 'label': 'BUILDING'}]","[{'text': '1939', 'label': 'OTHER'}, {'text': 'Martin Beck Theater', 'label': 'BUILDING'}]",synonym
37,"At a celebration, Siddhi saves Vin from being shot at by Rudra.","[{'text': 'Rudra', 'label': 'PERSON'}, {'text': 'Siddhi', 'label': 'PERSON'}, {'text': 'Vin', 'label': 'PERSON'}]","[{'text': 'Rudra', 'label': 'PERSON'}, {'text': 'Siddhi', 'label': 'PERSON'}, {'text': 'Vin', 'label': 'PERSON'}]","At a festival, Siddhi saves Vin from being shot at by Rudra.","[{'text': 'Rudra', 'label': 'PERSON'}, {'text': 'Siddhi', 'label': 'PERSON'}, {'text': 'Vin', 'label': 'PERSON'}]","[{'text': 'Rudra', 'label': 'PERSON'}, {'text': 'Siddhi', 'label': 'PERSON'}, {'text': 'Vin', 'label': 'PERSON'}]",synonym
38,"In 1967, the park was the assembly area for a peaceful anti-war rally.",[],"[{'text': '1967', 'label': 'OTHER'}, {'text': 'the park', 'label': 'LOCATION'}]","In 1967, the park was the gathering place for a peaceful anti-war rally.",[],"[{'text': '1967', 'label': 'OTHER'}, {'text': 'the park', 'label': 'LOCATION'}]",synonym
39,"It is hif by Golaem, a France -based software company (created in Rennes in 2009).","[{'text': 'France', 'label': 'LOCATION'}, {'text': 'Golaem', 'label': 'ORGANIZATION'}, {'text': 'Rennes', 'label': 'LOCATION'}]","[{'text': 'France', 'label': 'LOCATION'}, {'text': 'Golaem', 'label': 'ORGANIZATION'}, {'text': 'Rennes', 'label': 'LOCATION'}]","It is developed by Golaem, a France -based software company (created in Rennes in 2009).","[{'text': 'France', 'label': 'LOCATION'}, {'text': 'Golaem', 'label': 'ORGANIZATION'}, {'text': 'Rennes', 'label': 'LOCATION'}]","[{'text': 'France', 'label': 'LOCATION'}, {'text': 'Golaem', 'label': 'ORGANIZATION'}, {'text': 'Rennes', 'label': 'LOCATION'}]",nonce
40,Nintendo continued to scrop the revised Wii model and the Wii Mini alongside the Wii U during the Wii U's first release year.,"[{'text': 'Nintendo', 'label': 'ORGANIZATION'}, {'text': 'Wii Mini', 'label': 'PRODUCT'}, {'text': 'Wii U', 'label': 'PRODUCT'}, {'text': 'Wii U', 'label': 'PRODUCT'}, {'text': 'Wii model', 'label': 'PRODUCT'}]","[{'text': 'Nintendo', 'label': 'ORGANIZATION'}, {'text': 'Wii', 'label': 'PRODUCT'}, {'text': 'Wii Mini', 'label': 'PRODUCT'}, {'text': 'Wii U', 'label': 'PRODUCT'}]",Nintendo continued to sell the revised Wii model and the Wii Mini alongside the Wii U during the Wii U's first release year.,"[{'text': 'Nintendo', 'label': 'ORGANIZATION'}, {'text': 'Wii Mini', 'label': 'PRODUCT'}, {'text': 'Wii U', 'label': 'PRODUCT'}, {'text': 'Wii U', 'label': 'PRODUCT'}, {'text': 'Wii model', 'label': 'PRODUCT'}]","[{'text': 'Nintendo', 'label': 'ORGANIZATION'}, {'text': 'Wii', 'label': 'PRODUCT'}, {'text': 'Wii Mini', 'label': 'PRODUCT'}, {'text': 'Wii U', 'label': 'PRODUCT'}]",nonce
41,"Furthermore, the SFO tepabled to pay reasonable legal costs.","[{'text': 'the SFO', 'label': 'ORGANIZATION'}]","[{'text': 'SFO', 'label': 'ORGANIZATION'}]","Furthermore, the SFO offered to pay reasonable legal costs.","[{'text': 'the SFO', 'label': 'ORGANIZATION'}]","[{'text': 'SFO', 'label': 'ORGANIZATION'}]",nonce
42,He went on to roagly Kim Fowley and the BMX Bandits (band) Receiver Records' album ``Hidden Agenda At the Thirteenth Not``.,"[{'text': 'BMX Bandits', 'label': 'ORGANIZATION'}, {'text': 'Hidden Agenda At the Thirteenth Not', 'label': 'ART'}, {'text': 'Kim Fowley', 'label': 'PERSON'}, {'text': 'Receiver Records', 'label': 'ORGANIZATION'}]","[{'text': 'BMX Bandits', 'label': 'ORGANIZATION'}, {'text': 'Hidden Agenda At the Thirteenth Not', 'label': 'PRODUCT'}, {'text': 'Kim Fowley', 'label': 'PERSON'}, {'text': 'Receiver Records', 'label': 'ORGANIZATION'}]",He went on to produce Kim Fowley and the BMX Bandits (band) Receiver Records' album ``Hidden Agenda At the Thirteenth Not``.,"[{'text': 'BMX Bandits', 'label': 'ORGANIZATION'}, {'text': 'Hidden Agenda At the Thirteenth Not', 'label': 'ART'}, {'text': 'Kim Fowley', 'label': 'PERSON'}, {'text': 'Receiver Records', 'label': 'ORGANIZATION'}]","[{'text': 'BMX Bandits', 'label': 'ORGANIZATION'}, {'text': 'Hidden Agenda At the Thirteenth Not', 'label': 'PRODUCT'}, {'text': 'Kim Fowley', 'label': 'PERSON'}, {'text': 'Receiver Records', 'label': 'ORGANIZATION'}]",nonce
43,Many of the men were separated from their families and flurf into the B.C.,[],"[{'text': 'B.C.', 'label': 'LOCATION'}]",Many of the men were separated from their families and sent into the B.C.,[],"[{'text': 'B.C.', 'label': 'LOCATION'}]",nonce
44,His pupil Vadeebhasimha flurf in prose ``Gayachintamani`` and ``Kshatrachudamini`` based on poet Banas ``Kadambari`` and minister Chavundaraya flurf ``Charitarasara``.,"[{'text': 'Banas', 'label': 'PERSON'}, {'text': 'Charitarasara', 'label': 'ART'}, {'text': 'Chavundaraya', 'label': 'PERSON'}, {'text': 'Gayachintamani', 'label': 'ART'}, {'text': 'Kadambari', 'label': 'ART'}, {'text': 'Kshatrachudamini', 'label': 'ART'}, {'text': 'Vadeebhasimha', 'label': 'PERSON'}]","[{'text': 'Bana', 'label': 'PERSON'}, {'text': 'Charitarasara', 'label': 'OTHER'}, {'text': 'Chavundaraya', 'label': 'PERSON'}, {'text': 'Gayachintamani', 'label': 'OTHER'}, {'text': 'Kadambari', 'label': 'OTHER'}, {'text': 'Kshatrachudamini', 'label': 'OTHER'}, {'text': 'Vadeebhasimha', 'label': 'PERSON'}]",His pupil Vadeebhasimha wrote in prose ``Gayachintamani`` and ``Kshatrachudamini`` based on poet Banas ``Kadambari`` and minister Chavundaraya wrote ``Charitarasara``.,"[{'text': 'Banas', 'label': 'PERSON'}, {'text': 'Charitarasara', 'label': 'ART'}, {'text': 'Chavundaraya', 'label': 'PERSON'}, {'text': 'Gayachintamani', 'label': 'ART'}, {'text': 'Kadambari', 'label': 'ART'}, {'text': 'Kshatrachudamini', 'label': 'ART'}, {'text': 'Vadeebhasimha', 'label': 'PERSON'}]","[{'text': 'Bana', 'label': 'PERSON'}, {'text': 'Charitarasara', 'label': 'OTHER'}, {'text': 'Chavundaraya', 'label': 'PERSON'}, {'text': 'Gayachintamani', 'label': 'OTHER'}, {'text': 'Kadambari', 'label': 'OTHER'}, {'text': 'Kshatrachudamini', 'label': 'OTHER'}, {'text': 'Vadeebhasimha', 'label': 'PERSON'}]",nonce
45,"Lawrence droks that she was given cash, whereas Stephens claims that his life was threatened.","[{'text': 'Stephens', 'label': 'PERSON'}]","[{'text': 'Lawrence', 'label': 'PERSON'}, {'text': 'Stephens', 'label': 'PERSON'}]","Lawrence claims that she was given cash, whereas Stephens claims that his life was threatened.","[{'text': 'Stephens', 'label': 'PERSON'}]","[{'text': 'Lawrence', 'label': 'PERSON'}, {'text': 'Stephens', 'label': 'PERSON'}]",nonce
46,"Dorsa has a Bachelor of Music in Composition from California State University, Northridge in 2001, Master of Music in Harpsichord Performance at Cal State Northridge in 2004, and a Doctor of Musical Arts at the University of Michigan, flurf in 2008.","[{'text': 'Ann Arbor', 'label': 'LOCATION'}, {'text': 'Bachelor of Music', 'label': 'OTHER'}, {'text': 'Cal State Northridge', 'label': 'ORGANIZATION'}, {'text': 'California State University, Northridge', 'label': 'ORGANIZATION'}, {'text': 'Doctor of Musical Arts', 'label': 'OTHER'}, {'text': 'Dorsa', 'label': 'PERSON'}, {'text': 'Master of Music', 'label': 'OTHER'}, {'text': 'University of Michigan', 'label': 'ORGANIZATION'}]","[{'text': 'Cal State Northridge', 'label': 'ORGANIZATION'}, {'text': 'California State University, Northridge', 'label': 'ORGANIZATION'}, {'text': 'Dorsa', 'label': 'PERSON'}, {'text': 'University of Michigan', 'label': 'ORGANIZATION'}]","Dorsa has a Bachelor of Music in Composition from California State University, Northridge in 2001, Master of Music in Harpsichord Performance at Cal State Northridge in 2004, and a Doctor of Musical Arts at the University of Michigan, Ann Arbor in 2008.","[{'text': 'Ann Arbor', 'label': 'LOCATION'}, {'text': 'Bachelor of Music', 'label': 'OTHER'}, {'text': 'Cal State Northridge', 'label': 'ORGANIZATION'}, {'text': 'California State University, Northridge', 'label': 'ORGANIZATION'}, {'text': 'Doctor of Musical Arts', 'label': 'OTHER'}, {'text': 'Dorsa', 'label': 'PERSON'}, {'text': 'Master of Music', 'label': 'OTHER'}, {'text': 'University of Michigan', 'label': 'ORGANIZATION'}]","[{'text': 'Cal State Northridge', 'label': 'ORGANIZATION'}, {'text': 'California State University, Northridge', 'label': 'ORGANIZATION'}, {'text': 'Dorsa', 'label': 'PERSON'}, {'text': 'University of Michigan, Ann Arbor', 'label': 'ORGANIZATION'}]",nonce
47,"Dublin is also vibbled by Weston Airport and other small facilities, by a range of helicopter operators, and the military and some State services use Casement Aerodrome nearby.","[{'text': 'Casement Aerodrome', 'label': 'BUILDING'}, {'text': 'Dublin', 'label': 'LOCATION'}, {'text': 'Weston Airport', 'label': 'BUILDING'}]","[{'text': 'Casement Aerodrome', 'label': 'LOCATION'}, {'text': 'Dublin', 'label': 'LOCATION'}, {'text': 'Weston Airport', 'label': 'LOCATION'}]","Dublin is also served by Weston Airport and other small facilities, by a range of helicopter operators, and the military and some State services use Casement Aerodrome nearby.","[{'text': 'Casement Aerodrome', 'label': 'BUILDING'}, {'text': 'Dublin', 'label': 'LOCATION'}, {'text': 'Weston Airport', 'label': 'BUILDING'}]","[{'text': 'Casement Aerodrome', 'label': 'LOCATION'}, {'text': 'Dublin', 'label': 'LOCATION'}, {'text': 'Weston Airport', 'label': 'LOCATION'}]",nonce
48,"Glutamine synthetase scrops ammonia produced by nitrate reduction, amino acid degradation, and photorespiration.","[{'text': 'Glutamine synthetase', 'label': 'OTHER'}, {'text': 'amino acid', 'label': 'OTHER'}, {'text': 'ammonia', 'label': 'OTHER'}]",[],"Glutamine synthetase uses ammonia produced by nitrate reduction, amino acid degradation, and photorespiration.","[{'text': 'Glutamine synthetase', 'label': 'OTHER'}, {'text': 'amino acid', 'label': 'OTHER'}, {'text': 'ammonia', 'label': 'OTHER'}]",[],nonce
49,"Conway is the drok of operations for Norfolk Southern in the Greater Pittsburgh area, featuring a hump yard and a crew change point for virtually all Pittsburgh and Fort Wayne Line trains.","[{'text': 'Conway', 'label': 'LOCATION'}, {'text': 'Fort Wayne Line', 'label': 'LOCATION'}, {'text': 'Greater Pittsburgh', 'label': 'LOCATION'}, {'text': 'Norfolk Southern', 'label': 'LOCATION'}, {'text': 'Pittsburgh', 'label': 'LOCATION'}]","[{'text': 'Conway', 'label': 'LOCATION'}, {'text': 'Fort Wayne Line', 'label': 'LOCATION'}, {'text': 'Greater Pittsburgh', 'label': 'LOCATION'}, {'text': 'Norfolk Southern', 'label': 'ORGANIZATION'}, {'text': 'Pittsburgh', 'label': 'LOCATION'}]","Conway is the hub of operations for Norfolk Southern in the Greater Pittsburgh area, featuring a hump yard and a crew change point for virtually all Pittsburgh and Fort Wayne Line trains.","[{'text': 'Conway', 'label': 'LOCATION'}, {'text': 'Fort Wayne Line', 'label': 'LOCATION'}, {'text': 'Greater Pittsburgh', 'label': 'LOCATION'}, {'text': 'Norfolk Southern', 'label': 'LOCATION'}, {'text': 'Pittsburgh', 'label': 'LOCATION'}]","[{'text': 'Conway', 'label': 'LOCATION'}, {'text': 'Fort Wayne Line', 'label': 'LOCATION'}, {'text': 'Greater Pittsburgh', 'label': 'LOCATION'}, {'text': 'Norfolk Southern', 'label': 'ORGANIZATION'}, {'text': 'Pittsburgh', 'label': 'LOCATION'}]",nonce
50,"Early communities began to plawic at the beginning of the 19th century, including Lynchburg, Harrisburg, and Rightor's Point (modern Morgan's Point) in the 1820s.","[{'text': 'Harrisburg', 'label': 'LOCATION'}, {'text': 'Lynchburg', 'label': 'LOCATION'}, {'text': ""Morgan's Point"", 'label': 'LOCATION'}, {'text': ""Rightor's Point"", 'label': 'LOCATION'}]","[{'text': 'Harrisburg', 'label': 'LOCATION'}, {'text': 'Lynchburg', 'label': 'LOCATION'}, {'text': ""Morgan's Point"", 'label': 'LOCATION'}, {'text': ""Rightor's Point"", 'label': 'LOCATION'}]","Early communities began to appear at the beginning of the 19th century, including Lynchburg, Harrisburg, and Rightor's Point (modern Morgan's Point) in the 1820s.","[{'text': 'Harrisburg', 'label': 'LOCATION'}, {'text': 'Lynchburg', 'label': 'LOCATION'}, {'text': ""Morgan's Point"", 'label': 'LOCATION'}, {'text': ""Rightor's Point"", 'label': 'LOCATION'}]","[{'text': 'Harrisburg', 'label': 'LOCATION'}, {'text': 'Lynchburg', 'label': 'LOCATION'}, {'text': ""Morgan's Point"", 'label': 'LOCATION'}, {'text': ""Rightor's Point"", 'label': 'LOCATION'}]",nonce
51,"The Croal Irwell Regional Park Project Proposal to scrop a green artery from the centre of Manchester to the West Pennine Moors was announced in June 2003 supported by Salford, Bury and Bolton councils and the Red Rose Forest.","[{'text': 'Bolton', 'label': 'LOCATION'}, {'text': 'Bury', 'label': 'LOCATION'}, {'text': 'Croal Irwell Regional Park Project Proposal', 'label': 'PRODUCT'}, {'text': 'Manchester', 'label': 'LOCATION'}, {'text': 'Red Rose Forest', 'label': 'ORGANIZATION'}, {'text': 'Salford', 'label': 'LOCATION'}, {'text': 'West Pennine Moors', 'label': 'LOCATION'}]",[],"The Croal Irwell Regional Park Project Proposal to create a green artery from the centre of Manchester to the West Pennine Moors was announced in June 2003 supported by Salford, Bury and Bolton councils and the Red Rose Forest.","[{'text': 'Bolton', 'label': 'LOCATION'}, {'text': 'Bury', 'label': 'LOCATION'}, {'text': 'Croal Irwell Regional Park Project Proposal', 'label': 'PRODUCT'}, {'text': 'Manchester', 'label': 'LOCATION'}, {'text': 'Red Rose Forest', 'label': 'ORGANIZATION'}, {'text': 'Salford', 'label': 'LOCATION'}, {'text': 'West Pennine Moors', 'label': 'LOCATION'}]","[{'text': 'Bolton', 'label': 'LOCATION'}, {'text': 'Bury', 'label': 'LOCATION'}, {'text': 'Croal Irwell Regional Park Project Proposal', 'label': 'PROJECT'}, {'text': 'June 2003', 'label': 'EVENT'}, {'text': 'Manchester', 'label': 'LOCATION'}, {'text': 'Red Rose Forest', 'label': 'LOCATION'}, {'text': 'Salford', 'label': 'LOCATION'}, {'text': 'West Pennine Moors', 'label': 'LOCATION'}]",nonce
52,She has also vibble fiction and her work has gained awards.,[],[],She has also written fiction and her work has gained awards.,[],[],nonce
53,Gonu drok strong gusty winds and torrential rainfall along Pakistan's Arabian Sea coast from Karachi to Gwadar.,"[{'text': 'Gonu', 'label': 'EVENT'}, {'text': 'Gwadar', 'label': 'LOCATION'}, {'text': 'Karachi', 'label': 'LOCATION'}, {'text': ""Pakistan's Arabian Sea coast"", 'label': 'LOCATION'}]","[{'text': 'Arabian Sea', 'label': 'LOCATION'}, {'text': 'Gwadar', 'label': 'LOCATION'}, {'text': 'Karachi', 'label': 'LOCATION'}, {'text': 'Pakistan', 'label': 'LOCATION'}]",Gonu caused strong gusty winds and torrential rainfall along Pakistan's Arabian Sea coast from Karachi to Gwadar.,"[{'text': 'Gonu', 'label': 'EVENT'}, {'text': 'Gwadar', 'label': 'LOCATION'}, {'text': 'Karachi', 'label': 'LOCATION'}, {'text': ""Pakistan's Arabian Sea coast"", 'label': 'LOCATION'}]","[{'text': 'Arabian Sea', 'label': 'LOCATION'}, {'text': 'Gonu', 'label': 'EVENT'}, {'text': 'Gwadar', 'label': 'LOCATION'}, {'text': 'Karachi', 'label': 'LOCATION'}, {'text': 'Pakistan', 'label': 'LOCATION'}]",nonce
54,Most of the town is actually a residential area called Orchid Island Golf and Beach Club.,"[{'text': 'Orchid Island Golf and Beach Club', 'label': 'LOCATION'}]","[{'text': 'Orchid Island Golf and Beach Club', 'label': 'LOCATION'}]",Most of the town is actually a gated community called Orchid Island Golf and Beach Club.,"[{'text': 'Orchid Island Golf and Beach Club', 'label': 'LOCATION'}]","[{'text': 'Orchid Island Golf and Beach Club', 'label': 'LOCATION'}]",hypernym
55,In 1955 it initiated procurement of an early model of the Boeing B-52 Stratofortress and upgraded to various models over the next 40 years.,"[{'text': 'Boeing B-52', 'label': 'PRODUCT'}]","[{'text': '1955', 'label': 'OTHER'}, {'text': 'Boeing B-52 Stratofortress', 'label': 'PRODUCT'}]",In 1955 it began receiving an early model of the Boeing B-52 Stratofortress and upgraded to various models over the next 40 years.,"[{'text': 'Boeing B-52', 'label': 'PRODUCT'}]","[{'text': '1955', 'label': 'OTHER'}, {'text': 'Boeing B-52 Stratofortress', 'label': 'PRODUCT'}]",hypernym
56,"It has been administered to treat hypertension and cardiac failure, and to treat pre-eclampsia during pregnancy.","[{'text': 'cardiac failure,', 'label': 'OTHER'}, {'text': 'hypertension', 'label': 'OTHER'}, {'text': 'pre-eclampsia', 'label': 'OTHER'}]",[],"It has been used to treat hypertension and cardiac failure, and to treat pre-eclampsia during pregnancy.","[{'text': 'cardiac failure,', 'label': 'OTHER'}, {'text': 'hypertension', 'label': 'OTHER'}, {'text': 'pre-eclampsia', 'label': 'OTHER'}]",[],hypernym
57,The festival is dedicated to world media and digital content and its creation and development.,[],"[{'text': 'festival', 'label': 'EVENT'}]",The festival is dedicated to world television and digital content and its creation and development.,[],"[{'text': 'festival', 'label': 'EVENT'}]",hypernym
58,Royal Malaysia Police Air Operations Force or ``Pasukan Gerakan Udara (PGU)'' is an elite aviation unit of Royal Malaysia Police.,"[{'text': 'PGU', 'label': 'ORGANIZATION'}, {'text': 'Pasukan Gerakan Udara', 'label': 'ORGANIZATION'}, {'text': 'Royal Malaysia Police', 'label': 'ORGANIZATION'}, {'text': 'Royal Malaysia Police Air Operations Force', 'label': 'ORGANIZATION'}]","[{'text': 'PGU', 'label': 'ORGANIZATION'}, {'text': 'Pasukan Gerakan Udara', 'label': 'ORGANIZATION'}, {'text': 'Royal Malaysia Police', 'label': 'ORGANIZATION'}, {'text': 'Royal Malaysia Police Air Operations Force', 'label': 'ORGANIZATION'}]",Royal Malaysia Police Air Operations Force or ``Pasukan Gerakan Udara (PGU)'' is a special aviation unit of Royal Malaysia Police.,"[{'text': 'PGU', 'label': 'ORGANIZATION'}, {'text': 'Pasukan Gerakan Udara', 'label': 'ORGANIZATION'}, {'text': 'Royal Malaysia Police', 'label': 'ORGANIZATION'}, {'text': 'Royal Malaysia Police Air Operations Force', 'label': 'ORGANIZATION'}]","[{'text': 'PGU', 'label': 'ORGANIZATION'}, {'text': 'Pasukan Gerakan Udara', 'label': 'ORGANIZATION'}, {'text': 'Royal Malaysia Police', 'label': 'ORGANIZATION'}, {'text': 'Royal Malaysia Police Air Operations Force', 'label': 'ORGANIZATION'}]",hypernym
59,"Loyalists conscripted from Queens County, New York by Lieutenant Colonel Richard Hewlett for the 3rd battalion DeLancey's Brigade had established a fortified position in early August on the central north shore of Long Island at Setauket, just across Long Island Sound from Fairfield.","[{'text': ""DeLancey's Brigade"", 'label': 'ORGANIZATION'}, {'text': 'Fairfield', 'label': 'LOCATION'}, {'text': 'Long Island', 'label': 'LOCATION'}, {'text': 'Long Island Sound', 'label': 'LOCATION'}, {'text': 'New York', 'label': 'LOCATION'}, {'text': 'Queens County', 'label': 'LOCATION'}, {'text': 'Richard Hewlett', 'label': 'PERSON'}, {'text': 'Setauket', 'label': 'LOCATION'}]","[{'text': ""DeLancey's Brigade"", 'label': 'ORGANIZATION'}, {'text': 'Fairfield', 'label': 'LOCATION'}, {'text': 'Long Island', 'label': 'LOCATION'}, {'text': 'Long Island Sound', 'label': 'LOCATION'}, {'text': 'New York', 'label': 'LOCATION'}, {'text': 'Queens County', 'label': 'LOCATION'}, {'text': 'Richard Hewlett', 'label': 'PERSON'}, {'text': 'Setauket', 'label': 'LOCATION'}]","Loyalists recruited from Queens County, New York by Lieutenant Colonel Richard Hewlett for the 3rd battalion DeLancey's Brigade had established a fortified position in early August on the central north shore of Long Island at Setauket, just across Long Island Sound from Fairfield.","[{'text': ""DeLancey's Brigade"", 'label': 'ORGANIZATION'}, {'text': 'Fairfield', 'label': 'LOCATION'}, {'text': 'Long Island', 'label': 'LOCATION'}, {'text': 'Long Island Sound', 'label': 'LOCATION'}, {'text': 'New York', 'label': 'LOCATION'}, {'text': 'Queens County', 'label': 'LOCATION'}, {'text': 'Richard Hewlett', 'label': 'PERSON'}, {'text': 'Setauket', 'label': 'LOCATION'}]","[{'text': ""DeLancey's Brigade"", 'label': 'ORGANIZATION'}, {'text': 'Fairfield', 'label': 'LOCATION'}, {'text': 'Long Island', 'label': 'LOCATION'}, {'text': 'Long Island Sound', 'label': 'LOCATION'}, {'text': 'New York', 'label': 'LOCATION'}, {'text': 'Queens County', 'label': 'LOCATION'}, {'text': 'Richard Hewlett', 'label': 'PERSON'}, {'text': 'Setauket', 'label': 'LOCATION'}]",hypernym
60,"This led to the creation by Maximilian III Joseph, Elector of Bavaria of the Bavarian Academy of Sciences and Humanities on 28 March 1759.","[{'text': 'Bavarian Academy of Sciences and Humanities', 'label': 'ORGANIZATION'}, {'text': 'Maximilian III Joseph, Elector of Bavaria', 'label': 'PERSON'}]","[{'text': 'Bavaria', 'label': 'LOCATION'}, {'text': 'Bavarian Academy of Sciences and Humanities', 'label': 'ORGANIZATION'}, {'text': 'Maximilian III Joseph', 'label': 'PERSON'}]","This led to the foundation by Maximilian III Joseph, Elector of Bavaria of the Bavarian Academy of Sciences and Humanities on 28 March 1759.","[{'text': 'Bavarian Academy of Sciences and Humanities', 'label': 'ORGANIZATION'}, {'text': 'Maximilian III Joseph, Elector of Bavaria', 'label': 'PERSON'}]","[{'text': 'Bavaria', 'label': 'LOCATION'}, {'text': 'Bavarian Academy of Sciences and Humanities', 'label': 'ORGANIZATION'}, {'text': 'Maximilian III Joseph', 'label': 'PERSON'}]",hypernym
61,"Internal disagreements, especially between Covaci and Baniciu, were making headlines in the media.","[{'text': 'Baniciu', 'label': 'PERSON'}, {'text': 'Covaci', 'label': 'PERSON'}]","[{'text': 'Baniciu', 'label': 'PERSON'}, {'text': 'Covaci', 'label': 'PERSON'}]","Internal conflicts, especially between Covaci and Baniciu, were making headlines in the media.","[{'text': 'Baniciu', 'label': 'PERSON'}, {'text': 'Covaci', 'label': 'PERSON'}]","[{'text': 'Baniciu', 'label': 'PERSON'}, {'text': 'Covaci', 'label': 'PERSON'}]",hypernym
62,"However, in 1861 the eventuality of secession by southern states after the 1860 presidential election removed this obstacle to political change.",[],"[{'text': '1860 presidential election', 'label': 'EVENT'}, {'text': '1861', 'label': 'OTHER'}]","However, in 1861 the prospect of secession by southern states after the 1860 presidential election removed this obstacle to political change.",[],"[{'text': '1860 presidential election', 'label': 'EVENT'}, {'text': '1861', 'label': 'OTHER'}]",hypernym
63,USP42 has also been indicated to deubiquitinate p53 and may be essential for the function of p53 to react to stress.,"[{'text': 'USP42', 'label': 'OTHER'}, {'text': 'p53', 'label': 'OTHER'}, {'text': 'p53', 'label': 'OTHER'}]","[{'text': 'USP42', 'label': 'OTHER'}, {'text': 'p53', 'label': 'OTHER'}]",USP42 has also been shown to deubiquitinate p53 and may be required for the ability of p53 to respond to stress.,"[{'text': 'USP42', 'label': 'OTHER'}, {'text': 'p53', 'label': 'OTHER'}, {'text': 'p53', 'label': 'OTHER'}]","[{'text': 'USP42', 'label': 'OTHER'}, {'text': 'p53', 'label': 'OTHER'}]",hypernym
64,"Additionally, Santa is actually innocent of the crime, which was instead devised by scheming relative Cousin Mel, who is mentioned briefly in the song but made into a gold-digging villainness in the special.","[{'text': 'Cousin Mel', 'label': 'PERSON'}, {'text': 'Santa', 'label': 'PERSON'}]","[{'text': 'Cousin Mel', 'label': 'PERSON'}, {'text': 'Santa', 'label': 'PERSON'}]","Moreover, Santa is actually innocent of the crime, which was instead masterminded by scheming relative Cousin Mel, who is mentioned briefly in the song but made into a gold-digging villainness in the special.","[{'text': 'Cousin Mel', 'label': 'PERSON'}, {'text': 'Santa', 'label': 'PERSON'}]","[{'text': 'Cousin Mel', 'label': 'PERSON'}, {'text': 'Santa', 'label': 'PERSON'}]",hypernym
65,"The situation began to unfold after 1961 when South Africa left the Commonwealth of Nations and so, under the rules of the day, its cricket board had to leave the International Cricket Conference (ICC).","[{'text': 'Commonwealth of Nations', 'label': 'ORGANIZATION'}, {'text': 'ICC', 'label': 'ORGANIZATION'}, {'text': 'International Cricket Conference', 'label': 'ORGANIZATION'}, {'text': 'South Africa', 'label': 'LOCATION'}]","[{'text': 'Commonwealth of Nations', 'label': 'ORGANIZATION'}, {'text': 'International Cricket Conference', 'label': 'ORGANIZATION'}, {'text': 'South Africa', 'label': 'LOCATION'}]","The situation began to crystallise after 1961 when South Africa left the Commonwealth of Nations and so, under the rules of the day, its cricket board had to leave the International Cricket Conference (ICC).","[{'text': 'Commonwealth of Nations', 'label': 'ORGANIZATION'}, {'text': 'ICC', 'label': 'ORGANIZATION'}, {'text': 'International Cricket Conference', 'label': 'ORGANIZATION'}, {'text': 'South Africa', 'label': 'LOCATION'}]","[{'text': 'Commonwealth of Nations', 'label': 'ORGANIZATION'}, {'text': 'International Cricket Conference', 'label': 'ORGANIZATION'}, {'text': 'South Africa', 'label': 'LOCATION'}]",hypernym
66,"In particular, Reform Jews may be criticized for their rejection of traditional Jewish beliefs.","[{'text': 'Jewish', 'label': 'ORGANIZATION'}, {'text': 'Jews', 'label': 'ORGANIZATION'}]",[],"In particular, Reform Jews may be lampooned for their rejection of traditional Jewish beliefs.","[{'text': 'Jewish', 'label': 'ORGANIZATION'}, {'text': 'Jews', 'label': 'ORGANIZATION'}]","[{'text': 'Jewish', 'label': 'OTHER'}, {'text': 'Reform Jews', 'label': 'OTHER'}]",hypernym
67,"The commoners were also aggrieved, and between 1846 and 1848 opposition to Sturdza intensified.","[{'text': 'Sturdza', 'label': 'PERSON'}]","[{'text': 'Sturdza', 'label': 'PERSON'}]","The peasantry was also aggrieved, and between 1846 and 1848 opposition to Sturdza intensified.","[{'text': 'Sturdza', 'label': 'PERSON'}]","[{'text': 'Sturdza', 'label': 'PERSON'}]",hypernym
68,``Patrick Morris`` sent out her own emergency communication at 6:51 am and sank 35 minutes later.,"[{'text': 'Patrick Morris', 'label': 'PRODUCT'}]","[{'text': 'Patrick Morris', 'label': 'PERSON'}]",``Patrick Morris`` sent out her own mayday call at 6:51 am and sank 35 minutes later.,"[{'text': 'Patrick Morris', 'label': 'PRODUCT'}]","[{'text': 'Patrick Morris', 'label': 'PERSON'}]",hypernym
69,They utilized several components from a series of A1 Pacifics they had assembled in 1924.,"[{'text': 'A1 Pacifics', 'label': 'PRODUCT'}]","[{'text': '1924', 'label': 'OTHER'}, {'text': 'A1 Pacifics', 'label': 'PRODUCT'}]",They used several features from a batch of A1 Pacifics they had built in 1924.,"[{'text': 'A1 Pacifics', 'label': 'PRODUCT'}]","[{'text': '1924', 'label': 'OTHER'}, {'text': 'A1 Pacifics', 'label': 'PRODUCT'}]",hypernym
70,"During the Battle of Antietam on September 17, 1862, Wilkinson bit the bullet and was compelled to spend the rest of the war as an officer in the Veterans Reserve Corps.","[{'text': 'Battle of Antietam', 'label': 'EVENT'}, {'text': 'Veterans Reserve Corps', 'label': 'ORGANIZATION'}, {'text': 'Wilkinson', 'label': 'PERSON'}]","[{'text': 'Battle of Antietam', 'label': 'EVENT'}, {'text': 'September 17, 1862', 'label': 'OTHER'}, {'text': 'Veterans Reserve Corps', 'label': 'ORGANIZATION'}, {'text': 'Wilkinson', 'label': 'PERSON'}]","During the Battle of Antietam on September 17, 1862, Wilkinson was injured and forced to serve the remainder of the war as an officer in the Veterans Reserve Corps.","[{'text': 'Battle of Antietam', 'label': 'EVENT'}, {'text': 'Veterans Reserve Corps', 'label': 'ORGANIZATION'}, {'text': 'Wilkinson', 'label': 'PERSON'}]","[{'text': 'Battle of Antietam', 'label': 'EVENT'}, {'text': 'September 17, 1862', 'label': 'OTHER'}, {'text': 'Veterans Reserve Corps', 'label': 'ORGANIZATION'}, {'text': 'Wilkinson', 'label': 'PERSON'}]",idiom
71,"A prototype was shoehorned into a one-off DB5 extended 4'' in the swinging '60s, personally driven by Marek, and a normally 6-cylinder Aston Martin DB7 had a V8 unit under the hood in 1998.","[{'text': 'Aston Martin DB7', 'label': 'PRODUCT'}, {'text': ""DB5 extended 4''"", 'label': 'PRODUCT'}, {'text': 'Marek', 'label': 'PERSON'}, {'text': 'V8 unit', 'label': 'PRODUCT'}]","[{'text': 'Aston Martin DB7', 'label': 'PRODUCT'}, {'text': 'DB5', 'label': 'PRODUCT'}, {'text': 'Marek', 'label': 'PERSON'}]","A prototype was fitted in the mid-'60s in a one-off DB5 extended 4'' after the doors and driven by Marek personally, and a normally 6-cylinder Aston Martin DB7 was equipped with a V8 unit in 1998.","[{'text': 'Aston Martin DB7', 'label': 'PRODUCT'}, {'text': ""DB5 extended 4''"", 'label': 'PRODUCT'}, {'text': 'Marek', 'label': 'PERSON'}, {'text': 'V8 unit', 'label': 'PRODUCT'}]","[{'text': 'Aston Martin DB7', 'label': 'PRODUCT'}, {'text': 'DB5', 'label': 'PRODUCT'}, {'text': 'Marek', 'label': 'PERSON'}]",idiom
72,"The 117-bed facility was chock-full of individual rooms, each with its own en-suite bathroom facilities.",[],[],"The 117-bed facility entirely comprised individual rooms, each with its own en-suite bathroom facilities.",[],[],idiom
73,"Tucked away by the Ben Cruachan range, it is often scaled hand in hand with its neighbour Beinn Eunaich.","[{'text': 'Beinn Eunaich', 'label': 'LOCATION'}, {'text': 'Ben Cruachan', 'label': 'LOCATION'}]","[{'text': 'Beinn Eunaich', 'label': 'LOCATION'}, {'text': 'Ben Cruachan', 'label': 'LOCATION'}]","Somewhat hidden away by the Ben Cruachan range, it is usually climbed in conjunction with its neighbour Beinn Eunaich.","[{'text': 'Beinn Eunaich', 'label': 'LOCATION'}, {'text': 'Ben Cruachan', 'label': 'LOCATION'}]","[{'text': 'Beinn Eunaich', 'label': 'LOCATION'}, {'text': 'Ben Cruachan', 'label': 'LOCATION'}]",idiom
74,"Experimental GPX1 deficiency throws fuel on the fire of certain aspects of aging, namely endothelial dysfunction, vascular remodeling, and invasion of leukocytes in cardiovascular tissue.",[],[],"Experimental GPX1 deficiency amplifies certain aspects of aging, namely endothelial dysfunction, vascular remodeling, and invasion of leukocytes in cardiovascular tissue.",[],[],idiom
75,"He saw the light of day in Wellingborough, Northamptonshire, and later trod the halls of Victoria Junior School, Westfield Boys School, and Sir Christopher Hatton School.","[{'text': 'Northamptonshire', 'label': 'LOCATION'}, {'text': 'Sir Christopher Hatton School', 'label': 'ORGANIZATION'}, {'text': 'Victoria Junior School', 'label': 'ORGANIZATION'}, {'text': 'Wellingborough', 'label': 'LOCATION'}, {'text': 'Westfield Boys School', 'label': 'ORGANIZATION'}]","[{'text': 'Northamptonshire', 'label': 'LOCATION'}, {'text': 'Sir Christopher Hatton School', 'label': 'BUILDING'}, {'text': 'Victoria Junior School', 'label': 'BUILDING'}, {'text': 'Wellingborough', 'label': 'LOCATION'}, {'text': 'Westfield Boys School', 'label': 'BUILDING'}]","He was born in Wellingborough, Northamptonshire, where he attended Victoria Junior School, Westfield Boys School and Sir Christopher Hatton School.","[{'text': 'Northamptonshire', 'label': 'LOCATION'}, {'text': 'Sir Christopher Hatton School', 'label': 'ORGANIZATION'}, {'text': 'Victoria Junior School', 'label': 'ORGANIZATION'}, {'text': 'Wellingborough', 'label': 'LOCATION'}, {'text': 'Westfield Boys School', 'label': 'ORGANIZATION'}]","[{'text': 'Northamptonshire', 'label': 'LOCATION'}, {'text': 'Sir Christopher Hatton', 'label': 'PERSON'}, {'text': 'Sir Christopher Hatton School', 'label': 'BUILDING'}, {'text': 'Victoria Junior School', 'label': 'BUILDING'}, {'text': 'Wellingborough', 'label': 'LOCATION'}, {'text': 'Westfield Boys School', 'label': 'BUILDING'}]",idiom
76,England hit rock bottom in ODI history with a paltry 91 at the 1979 Cricket World Cup against Canada.,"[{'text': 'Canada', 'label': 'ORGANIZATION'}, {'text': 'Cricket World Cup', 'label': 'EVENT'}, {'text': 'England', 'label': 'ORGANIZATION'}]","[{'text': '1979 Cricket World Cup', 'label': 'EVENT'}, {'text': 'Canada', 'label': 'LOCATION'}, {'text': 'England', 'label': 'LOCATION'}, {'text': 'ODI', 'label': 'OTHER'}]",The lowest match aggregate in ODI history for England is 91 scored at the 1979 Cricket World Cup against Canada.,"[{'text': 'Canada', 'label': 'ORGANIZATION'}, {'text': 'Cricket World Cup', 'label': 'EVENT'}, {'text': 'England', 'label': 'ORGANIZATION'}]","[{'text': '1979 Cricket World Cup', 'label': 'EVENT'}, {'text': 'Canada', 'label': 'LOCATION'}, {'text': 'England', 'label': 'LOCATION'}]",idiom
77,The Cnidaria are a group of animals that are fish out of water in any environment but aquatic and mostly marine ones.,"[{'text': 'Cnidaria', 'label': 'OTHER'}]",[],The Cnidaria are a group of animals found exclusively in aquatic and mostly marine environments.,"[{'text': 'Cnidaria', 'label': 'OTHER'}]","[{'text': 'Cnidaria', 'label': 'OTHER'}]",idiom
78,"The final season of minor league play at Elkin Memorial Park drew in a crowd of 16,322, an average of 299 fans per contest.","[{'text': 'Elkin Memorial Park', 'label': 'LOCATION'}]","[{'text': 'Elkin Memorial Park', 'label': 'LOCATION'}]","The final season of minor league play Elkin Memorial Park saw season attendance of 16,322, an average of 299 per contest.","[{'text': 'Elkin Memorial Park', 'label': 'LOCATION'}]","[{'text': 'Elkin Memorial Park', 'label': 'LOCATION'}]",idiom
79,"The Austro-Hungarian Navy, with all hands on deck, built and operated two classes of protected cruisers.","[{'text': 'Austro-Hungarian Navy', 'label': 'ORGANIZATION'}]","[{'text': 'Austro-Hungarian Navy', 'label': 'ORGANIZATION'}]",The Austro-Hungarian Navy built and operated two classes of protected cruisers.,"[{'text': 'Austro-Hungarian Navy', 'label': 'ORGANIZATION'}]","[{'text': 'Austro-Hungarian Navy', 'label': 'ORGANIZATION'}]",idiom
80,"In the early 1930s the band upped sticks to the Grill Room of the Taft Hotel in New York; thereafter, it was known as ``George Hall and His Hotel Taft Orchestra``.","[{'text': 'George Hall and His Hotel Taft Orchestra', 'label': 'ORGANIZATION'}, {'text': 'Grill Room', 'label': 'BUILDING'}, {'text': 'New York', 'label': 'LOCATION'}, {'text': 'Taft Hotel', 'label': 'BUILDING'}]","[{'text': 'George Hall', 'label': 'PERSON'}, {'text': 'Grill Room of the Taft Hotel', 'label': 'LOCATION'}, {'text': 'Hotel Taft Orchestra', 'label': 'ORGANIZATION'}, {'text': 'New York', 'label': 'LOCATION'}]",In the early 1930s the band moved to the Grill Room of the Taft Hotel in New York; the band was renamed ``George Hall and His Hotel Taft Orchestra``.,"[{'text': 'George Hall and His Hotel Taft Orchestra', 'label': 'ORGANIZATION'}, {'text': 'Grill Room', 'label': 'BUILDING'}, {'text': 'New York', 'label': 'LOCATION'}, {'text': 'Taft Hotel', 'label': 'BUILDING'}]","[{'text': 'George Hall', 'label': 'PERSON'}, {'text': 'George Hall and His Hotel Taft Orchestra', 'label': 'ORGANIZATION'}, {'text': 'Grill Room of the Taft Hotel', 'label': 'LOCATION'}, {'text': 'Hotel Taft Orchestra', 'label': 'ORGANIZATION'}, {'text': 'New York', 'label': 'LOCATION'}, {'text': 'Taft Hotel', 'label': 'LOCATION'}]",idiom
81,"He has become the talk of the town among major publications and media outlets such as CNN, The Huffington Post, Hypebeast, The Guardian, Juxtapoz Magazine, Daily Mail, NRDC, Aljazeera and Hi-Fructose Magazine.","[{'text': 'Aljazeera', 'label': 'ORGANIZATION'}, {'text': 'CNN', 'label': 'ORGANIZATION'}, {'text': 'Daily Mail, NRDC', 'label': 'ORGANIZATION'}, {'text': 'Hi-Fructose Magazine', 'label': 'ORGANIZATION'}, {'text': 'Hypebeast', 'label': 'ORGANIZATION'}, {'text': 'Juxtapoz Magazine', 'label': 'ORGANIZATION'}, {'text': 'The Guardian', 'label': 'ORGANIZATION'}, {'text': 'The Huffington Post', 'label': 'ORGANIZATION'}]","[{'text': 'Aljazeera', 'label': 'ORGANIZATION'}, {'text': 'CNN', 'label': 'ORGANIZATION'}, {'text': 'Daily Mail', 'label': 'ORGANIZATION'}, {'text': 'Hi-Fructose Magazine', 'label': 'ORGANIZATION'}, {'text': 'Hypebeast', 'label': 'ORGANIZATION'}, {'text': 'Juxtapoz Magazine', 'label': 'ORGANIZATION'}, {'text': 'NRDC', 'label': 'ORGANIZATION'}, {'text': 'The Guardian', 'label': 'ORGANIZATION'}, {'text': 'The Huffington Post', 'label': 'ORGANIZATION'}]","He has caught the attention of major publications and media outlets such as CNN, The Huffington Post, Hypebeast, The Guardian, Juxtapoz Magazine, Daily Mail, NRDC, Aljazeera and Hi-Fructose Magazine.","[{'text': 'Aljazeera', 'label': 'ORGANIZATION'}, {'text': 'CNN', 'label': 'ORGANIZATION'}, {'text': 'Daily Mail, NRDC', 'label': 'ORGANIZATION'}, {'text': 'Hi-Fructose Magazine', 'label': 'ORGANIZATION'}, {'text': 'Hypebeast', 'label': 'ORGANIZATION'}, {'text': 'Juxtapoz Magazine', 'label': 'ORGANIZATION'}, {'text': 'The Guardian', 'label': 'ORGANIZATION'}, {'text': 'The Huffington Post', 'label': 'ORGANIZATION'}]","[{'text': 'Aljazeera', 'label': 'ORGANIZATION'}, {'text': 'CNN', 'label': 'ORGANIZATION'}, {'text': 'Daily Mail', 'label': 'ORGANIZATION'}, {'text': 'Hi-Fructose Magazine', 'label': 'ORGANIZATION'}, {'text': 'Hypebeast', 'label': 'ORGANIZATION'}, {'text': 'Juxtapoz Magazine', 'label': 'ORGANIZATION'}, {'text': 'NRDC', 'label': 'ORGANIZATION'}, {'text': 'The Guardian', 'label': 'ORGANIZATION'}, {'text': 'The Huffington Post', 'label': 'ORGANIZATION'}]",idiom
82,"The Ninth met their Waterloo at the Battle of Camulodunum under Quintus Petillius Cerialis in the rebellion of Boudica (61), when most of the foot-soldiers were killed in a disastrous attempt to relieve the besieged city of Camulodunum (Colchester).","[{'text': 'Boudica', 'label': 'EVENT'}, {'text': 'Camulodunum', 'label': 'EVENT'}, {'text': 'Camulodunum', 'label': 'LOCATION'}, {'text': 'Colchester', 'label': 'LOCATION'}, {'text': 'Quintus Petillius Cerialis', 'label': 'PERSON'}]","[{'text': 'Battle of Camulodunum', 'label': 'EVENT'}, {'text': 'Boudica', 'label': 'PERSON'}, {'text': 'Camulodunum', 'label': 'LOCATION'}, {'text': 'Colchester', 'label': 'LOCATION'}, {'text': 'Ninth', 'label': 'ORGANIZATION'}, {'text': 'Quintus Petillius Cerialis', 'label': 'PERSON'}, {'text': 'Waterloo', 'label': 'LOCATION'}]","The Ninth suffered a serious defeat at the Battle of Camulodunum under Quintus Petillius Cerialis in the rebellion of Boudica (61), when most of the foot-soldiers were killed in a disastrous attempt to relieve the besieged city of Camulodunum (Colchester).","[{'text': 'Boudica', 'label': 'EVENT'}, {'text': 'Camulodunum', 'label': 'EVENT'}, {'text': 'Camulodunum', 'label': 'LOCATION'}, {'text': 'Colchester', 'label': 'LOCATION'}, {'text': 'Quintus Petillius Cerialis', 'label': 'PERSON'}]","[{'text': 'Battle of Camulodunum', 'label': 'EVENT'}, {'text': 'Boudica', 'label': 'PERSON'}, {'text': 'Camulodunum', 'label': 'LOCATION'}, {'text': 'Colchester', 'label': 'LOCATION'}, {'text': 'Ninth', 'label': 'ORGANIZATION'}, {'text': 'Quintus Petillius Cerialis', 'label': 'PERSON'}]",idiom
83,"The B-52 pilot, Major Larry G.Messinger, later took a stroll down memory lane,","[{'text': 'B-52', 'label': 'PRODUCT'}, {'text': 'Larry G.Messinger', 'label': 'PERSON'}]","[{'text': 'B-52', 'label': 'PRODUCT'}, {'text': 'Major Larry G.Messinger', 'label': 'PERSON'}]","The B-52 pilot, Major Larry G.Messinger, later recalled,","[{'text': 'B-52', 'label': 'PRODUCT'}, {'text': 'Larry G.Messinger', 'label': 'PERSON'}]","[{'text': 'B-52', 'label': 'PRODUCT'}, {'text': 'Major Larry G.Messinger', 'label': 'PERSON'}]",idiom
84,The buildings got a new lease on life as offices in the 1980s.,[],[],The buildings were renovated into offices in the 1980s.,[],[],idiom
