,modified_text,modified_label,modified_pred,original_text,original_pred,original_label,type
0,"Mary Weiss was one of the kakis who started The Real Live Brady Bunch at The Annoyance Theater one, then hor, it become jialat big until got series of wayang remakes.","[{'Mary Weiss': 'PERSON'}, {'Real Live Brady Bunch': 'ORGANIZATION'}, {'Annoyance Theater': 'BUILDING'}]","[{'Mary Weiss': 'PERSON'}, {'The Real Live Brady Bunch': 'EVENT'}, {'The Annoyance Theater': 'BUILDING'}]","Mary Weiss was one of the creators of The Real Live Brady Bunch at The Annoyance Theater, which led to a series of feature film remakes.","[{'text': 'Mary Weiss', 'value': 'PERSON'}, {'text': 'The Real Live Brady Bunch', 'value': 'EVENT'}, {'text': 'The Annoyance Theater', 'value': 'BUILDING'}]","[{'Mary Weiss': 'PERSON'}, {'Real Live Brady Bunch': 'ORGANIZATION'}, {'Annoyance Theater': 'BUILDING'}]",
1,"She say about the staging one: ``[ It ] will go around the art, dance and power of rock and roll lor''.",[],[{'rock and roll': 'ART'}],"She commented about the staging: ``[ It ] will revolve around the art, dance and energy of rock and roll''.","[{'text': 'rock and roll', 'value': 'ART'}]",[],
2,"After Yadunandan Sharma set it up, 'cos Swami Sahajanand Saraswati say so in 1933, got a lot of freedom fighters come visit lah.","[{'Yadunandan Sharma': 'PERSON'}, {'Swami Sahajanand Saraswati': 'PERSON'}]","[{'Yadunandan Sharma': 'PERSON'}, {'Swami Sahajanand Saraswati': 'PERSON'}]","After it was established by Yadunandan Sharma, at the instruction of Swami Sahajanand Saraswati in 1933, it saw a large number of freedom fighters visiting.","[{'text': 'Yadunandan Sharma', 'value': 'PERSON'}, {'text': 'Swami Sahajanand Saraswati', 'value': 'PERSON'}]","[{'Yadunandan Sharma': 'PERSON'}, {'Swami Sahajanand Saraswati': 'PERSON'}]",
3,"The scene set at Paris Las Vegas resort one, where the Pteranodons that ran away land on top the resort's Eiffel Tower lor.","[{'Paris Las Vegas': 'LOCATION'}, {'Eiffel Tower': 'BUILDING'}]","[{'Paris Las Vegas resort': 'LOCATION'}, {'Eiffel Tower': 'BUILDING'}]","The scene is set at the Paris Las Vegas resort, where escaped Pteranodons land atop the resort's Eiffel Tower.","[{'text': 'Paris Las Vegas', 'value': 'LOCATION'}, {'text': 'Eiffel Tower', 'value': 'BUILDING'}]","[{'Paris Las Vegas': 'LOCATION'}, {'Eiffel Tower': 'BUILDING'}]",
4,"Petit-de-Grat Island hor, is one Canadian island one, off the coast of Cape Breton Island, in Richmond County, Nova Scotia lor.","[{'Petit-de-Grat Island': 'LOCATION'}, {'Canadian': 'LOCATION'}, {'Cape Breton Island': 'LOCATION'}, {'Richmond County': 'LOCATION'}, {'Nova Scotia': 'LOCATION'}]","[{'Petit-de-Grat Island': 'LOCATION'}, {'Cape Breton Island': 'LOCATION'}, {'Richmond County': 'LOCATION'}, {'Nova Scotia': 'LOCATION'}, {'Canada': 'LOCATION'}]","Petit-de-Grat Island is a Canadian island off the coast of Cape Breton Island, in Richmond County, Nova Scotia.","[{'text': 'Petit-de-Grat Island', 'value': 'LOCATION'}, {'text': 'Canada', 'value': 'LOCATION'}, {'text': 'Cape Breton Island', 'value': 'LOCATION'}, {'text': 'Richmond County', 'value': 'LOCATION'}, {'text': 'Nova Scotia', 'value': 'LOCATION'}]","[{'Petit-de-Grat Island': 'LOCATION'}, {'Canadian': 'LOCATION'}, {'Cape Breton Island': 'LOCATION'}, {'Richmond County': 'LOCATION'}, {'Nova Scotia': 'LOCATION'}]",
5,Ronald going Iceland lah.,"[{'Ronald': 'PERSON'}, {'Iceland': 'LOCATION'}]","[{'Ronald': 'PERSON'}, {'Iceland': 'LOCATION'}]",Ronald will travel to Iceland.,"[{'text': 'Ronald', 'value': 'PERSON'}, {'text': 'Iceland', 'value': 'LOCATION'}]","[{'Ronald': 'PERSON'}, {'Iceland': 'LOCATION'}]",
6,He and teammate Mohd Zaiza Zainal Abidin kena sell to Pahang for the 2011 season lah.,"[{'Mohd Zaiza Zainal Abidin': 'PERSON'}, {'Pahang': 'ORGANIZATION'}]","[{'Mohd Zaiza Zainal Abidin': 'PERSON'}, {'Pahang': 'LOCATION'}]",He and teammate Mohd Zaiza Zainal Abidin was sold to Pahang for the 2011 season.,"[{'text': 'Mohd Zaiza Zainal Abidin', 'value': 'PERSON'}, {'text': 'Pahang', 'value': 'LOCATION'}]","[{'Mohd Zaiza Zainal Abidin': 'PERSON'}, {'Pahang': 'ORGANIZATION'}]",
7,"His kena bury in 1791 after funeral at Stephansdom lor, just follow the rules at that time lor.",[{'Stephansdom': 'BUILDING'}],[{'Stephansdom': 'BUILDING'}],His burial in 1791 after a funeral in the Stephansdom simply followed the regulations of the day.,"[{'text': 'Stephansdom', 'value': 'BUILDING'}, {'text': '1791', 'value': 'OTHER'}]",[{'Stephansdom': 'BUILDING'}],
8,"These implementations hor, originally come from NetBSD one, and support decompression of bzip2 and the Unix pack format lah.","[{'NetBSD': 'PRODUCT'}, {'bzip2': 'PRODUCT'}, {'Unix pack format': 'PRODUCT'}]","[{'NetBSD': 'ORGANIZATION'}, {'Unix': 'OTHER'}]","These implementations originally come from NetBSD, and support decompression of bzip2 and the Unix pack format.","[{'text': 'NetBSD', 'value': 'ORGANIZATION'}, {'text': 'Unix', 'value': 'OTHER'}, {'text': 'bzip2', 'value': 'PRODUCT'}]","[{'NetBSD': 'PRODUCT'}, {'bzip2': 'PRODUCT'}, {'Unix pack format': 'PRODUCT'}]",
9,"I, Max was one sports commentary show lor, got host Max Kellerman and Michael Holley one, air every night on Fox Sports Net leh.","[{'I, Max': 'ART'}, {'Max Kellerman': 'PERSON'}, {'Michael Holley': 'PERSON'}, {'Fox Sports Net': 'ORGANIZATION'}]","[{'Max Kellerman': 'PERSON'}, {'Michael Holley': 'PERSON'}, {'Fox Sports Net': 'ORGANIZATION'}]","I, Max was a sports commentary show featuring host Max Kellerman and Michael Holley that aired nightly on Fox Sports Net.","[{'text': 'Max Kellerman', 'value': 'PERSON'}, {'text': 'Michael Holley', 'value': 'PERSON'}, {'text': 'Fox Sports Net', 'value': 'ORGANIZATION'}, {'text': 'Max', 'value': 'PERSON'}, {'text': 'I, Max', 'value': 'PRODUCT'}]","[{'I, Max': 'ART'}, {'Max Kellerman': 'PERSON'}, {'Michael Holley': 'PERSON'}, {'Fox Sports Net': 'ORGANIZATION'}]",
10,"Kadavu Province hor, is one of fourteen provinces in Fiji lah, and also part of the Eastern Division one, which got Lau, Lomaiviti and Rotuma provinces inside also.","[{'Kadavu Province': 'LOCATION'}, {'Fiji': 'LOCATION'}, {'Lau': 'LOCATION'}, {'Lomaiviti': 'LOCATION'}, {'Rotuma': 'LOCATION'}]","[{'Kadavu Province': 'LOCATION'}, {'Fiji': 'LOCATION'}, {'Eastern Division': 'LOCATION'}, {'Lau': 'LOCATION'}, {'Lomaiviti': 'LOCATION'}, {'Rotuma': 'LOCATION'}]","Kadavu Province is one of fourteen provinces of Fiji, and forms part of the Eastern Division, which also includes the provinces of Lau, Lomaiviti and Rotuma.","[{'text': 'Kadavu Province', 'value': 'LOCATION'}, {'text': 'Fiji', 'value': 'LOCATION'}, {'text': 'Eastern Division', 'value': 'LOCATION'}, {'text': 'Lau', 'value': 'LOCATION'}, {'text': 'Lomaiviti', 'value': 'LOCATION'}, {'text': 'Rotuma', 'value': 'LOCATION'}]","[{'Kadavu Province': 'LOCATION'}, {'Fiji': 'LOCATION'}, {'Lau': 'LOCATION'}, {'Lomaiviti': 'LOCATION'}, {'Rotuma': 'LOCATION'}]",
11,"From 1927 to 1944, he kena listed in the All-Union Communist Party (Bolsheviks) one, after that they call it the Communist Party of the Soviet Union lor.","[{'All-Union Communist Party': 'ORGANIZATION'}, {'Bolsheviks': 'ORGANIZATION'}, {'Communist Party of the Soviet Union': 'ORGANIZATION'}]","[{'All-Union Communist Party (Bolsheviks)': 'ORGANIZATION'}, {'Communist Party of the Soviet Union': 'ORGANIZATION'}]","From 1927 to 1944, he was on the books of the All-Union Communist Party (Bolsheviks), later known as the Communist Party of the Soviet Union.","[{'text': 'All-Union Communist Party (Bolsheviks)', 'value': 'ORGANIZATION'}, {'text': 'Communist Party of the Soviet Union', 'value': 'ORGANIZATION'}]","[{'All-Union Communist Party': 'ORGANIZATION'}, {'Bolsheviks': 'ORGANIZATION'}, {'Communist Party of the Soviet Union': 'ORGANIZATION'}]",
12,It win liao the jury award for best feature Film at the TriMedia Film Festival in 2010 lah.,"[{'jury award for best feature Film': 'OTHER'}, {'TriMedia Film Festival': 'EVENT'}]",[{'TriMedia Film Festival': 'EVENT'}],It won the jury award for best feature Film at the TriMedia Film Festival in 2010.,"[{'text': 'TriMedia Film Festival', 'value': 'EVENT'}]","[{'jury award for best feature Film': 'OTHER'}, {'TriMedia Film Festival': 'EVENT'}]",
13,"As a longer loaf hor, maybe it started all the French bread one, 'cause the bakers there try to copy the steam method to make their baguettes lor.",[{'French': 'LOCATION'}],[{'French': 'LOCATION'}],"As a longer loaf, it may well have been the origin of French bread as bakers there attempted to adopt the steam method to produce their baguettes.","[{'text': 'French', 'value': 'LOCATION'}]",[{'French': 'LOCATION'}],
14,Saab gib Mr Gilbert one Saab 9-5 Aero lah.,"[{'Saab': 'ORGANIZATION'}, {'Gilbert': 'PERSON'}, {'Saab 9-5 Aero': 'PRODUCT'}]","[{'Mr Gilbert': 'PERSON'}, {'Saab': 'ORGANIZATION'}, {'Saab 9-5 Aero': 'PRODUCT'}]",Saab gave Mr Gilbert a Saab 9-5 Aero.,"[{'text': 'Saab', 'value': 'ORGANIZATION'}, {'text': 'Mr Gilbert', 'value': 'PERSON'}, {'text': 'Saab 9-5 Aero', 'value': 'PRODUCT'}]","[{'Saab': 'ORGANIZATION'}, {'Gilbert': 'PERSON'}, {'Saab 9-5 Aero': 'PRODUCT'}]",
15,"Modifications included extra cockpit windows lah, and 245-horsepower Jacobs R-755-9 engines hor.",[{'Jacobs R-755-9': 'PRODUCT'}],[{'Jacobs R-755-9': 'PRODUCT'}],"Modifications included additional cockpit windows, and 245-horsepower Jacobs R-755-9 engines.","[{'text': 'Jacobs R-755-9', 'value': 'PRODUCT'}]",[{'Jacobs R-755-9': 'PRODUCT'}],
16,Breck Ullr Fest first time happen in 1963 lah.,[{'Breck Ullr Fest': 'EVENT'}],"[{'Breck Ullr Fest': 'EVENT'}, {'1963': 'OTHER'}]",Breck Ullr Fest was first held in 1963.,"[{'text': 'Breck Ullr Fest', 'value': 'EVENT'}]",[{'Breck Ullr Fest': 'EVENT'}],
17,"He mayor of Moerbeke-Waas since 2013 lor, and also member of the Belgian Federal Parliament since 2019 one.","[{'Moerbeke-Waas': 'LOCATION'}, {'Belgian Federal Parliament': 'ORGANIZATION'}]","[{'Moerbeke-Waas': 'LOCATION'}, {'Belgian Federal Parliament': 'ORGANIZATION'}]",He is mayor of Moerbeke-Waas since 2013 and member of the Belgian Federal Parliament since 2019.,"[{'text': 'Moerbeke-Waas', 'value': 'LOCATION'}, {'text': 'Belgian Federal Parliament', 'value': 'ORGANIZATION'}]","[{'Moerbeke-Waas': 'LOCATION'}, {'Belgian Federal Parliament': 'ORGANIZATION'}]",
18,"By 2011 hor, Blimpie locations number drop until 739 stores only, and revenue also jialat, down to just over $110 million lor.",[{'Blimpie': 'ORGANIZATION'}],[{'Blimpie': 'ORGANIZATION'}],"By 2011 the number of Blimpie locations had fallen to 739 stores, and revenue was down to just over $ 110 million.","[{'text': 'Blimpie', 'value': 'ORGANIZATION'}]",[{'Blimpie': 'ORGANIZATION'}],
19,"But then hor, the Saudi gahmen and the FBI keep on having pattern, always clash one during the investigation lor.","[{'Saudi': 'ORGANIZATION'}, {'FBI': 'ORGANIZATION'}]","[{'Saudi': 'LOCATION'}, {'FBI': 'ORGANIZATION'}]","Eventually, however, the Saudi government and the FBI repeatedly conflicted during the course of the investigation.","[{'text': 'Saudi government', 'value': 'ORGANIZATION'}, {'text': 'FBI', 'value': 'ORGANIZATION'}]","[{'Saudi': 'ORGANIZATION'}, {'FBI': 'ORGANIZATION'}]",
20,The film make it big sia.,[],[{'make it big': 'PRODUCT'}],The film was commercially successful.,{},[],
21,"In 1908, Tintle start his pro career with the Harrison Alley Boys lah.","[{'Tintle': 'PERSON'}, {'Harrison Alley Boys': 'ORGANIZATION'}]","[{'Tintle': 'PERSON'}, {'Harrison Alley Boys': 'ORGANIZATION'}]","In 1908, Tintle began his professional career with the Harrison Alley Boys.","[{'text': 'Tintle', 'value': 'PERSON'}, {'text': 'Harrison Alley Boys', 'value': 'ORGANIZATION'}]","[{'Tintle': 'PERSON'}, {'Harrison Alley Boys': 'ORGANIZATION'}]",
22,"Natesan stand as UNP's candidate in Kankesanthurai for the 1947 parliamentary elections one, but kena defeat by the All Ceylon Tamil Congress (ACTC) candidate S.J.V.Chelvanayakam lah.","[{'Natesan': 'PERSON'}, {'UNP': 'ORGANIZATION'}, {'Kankesanthurai': 'LOCATION'}, {'All Ceylon Tamil Congress': 'ORGANIZATION'}, {'ACTC': 'ORGANIZATION'}, {'Chelvanayakam': 'PERSON'}]","[{'Natesan': 'PERSON'}, {'UNP': 'ORGANIZATION'}, {'Kankesanthurai': 'LOCATION'}, {'All Ceylon Tamil Congress': 'ORGANIZATION'}, {'ACTC': 'ORGANIZATION'}, {'S.J.V.Chelvanayakam': 'PERSON'}]",Natesan stood as the UNP's candidate in Kankesanthurai at the 1947 parliamentary elections but was defeated by the All Ceylon Tamil Congress (ACTC) candidate S.J.V.Chelvanayakam.,"[{'text': 'Natesan', 'value': 'PERSON'}, {'text': 'UNP', 'value': 'ORGANIZATION'}, {'text': 'Kankesanthurai', 'value': 'LOCATION'}, {'text': 'All Ceylon Tamil Congress', 'value': 'ORGANIZATION'}, {'text': 'ACTC', 'value': 'ORGANIZATION'}, {'text': 'S.J.V.Chelvanayakam', 'value': 'PERSON'}]","[{'Natesan': 'PERSON'}, {'UNP': 'ORGANIZATION'}, {'Kankesanthurai': 'LOCATION'}, {'All Ceylon Tamil Congress': 'ORGANIZATION'}, {'ACTC': 'ORGANIZATION'}, {'Chelvanayakam': 'PERSON'}]",
23,"Dat ridge hor, is like northeast from Mount Kliment Ohridski one, go from north to south lor, quite wide also. Then hor, got Poste Valley on the east side, Palestrina Glacier up north, and then the Yozola Glacier, like one kind tributary like that, on the west side.","[{'Mount Kliment Ohridski': 'LOCATION'}, {'Poste Valley': 'LOCATION'}, {'Palestrina Glacier': 'LOCATION'}, {'Yozola Glacier': 'LOCATION'}]","[{'Mount Kliment Ohridski': 'LOCATION'}, {'Poste Valley': 'LOCATION'}, {'Palestrina Glacier': 'LOCATION'}, {'Yozola Glacier': 'LOCATION'}]","The ridge is situated northeast of Mount Kliment Ohridski, extending in the north-south direction, wide, and is bounded by Poste Valley to the east, by Palestrina Glacier to the north and its tributary Yozola Glacier to the west.","[{'text': 'Mount Kliment Ohridski', 'value': 'LOCATION'}, {'text': 'Poste Valley', 'value': 'LOCATION'}, {'text': 'Palestrina Glacier', 'value': 'LOCATION'}, {'text': 'Yozola Glacier', 'value': 'LOCATION'}]","[{'Mount Kliment Ohridski': 'LOCATION'}, {'Poste Valley': 'LOCATION'}, {'Palestrina Glacier': 'LOCATION'}, {'Yozola Glacier': 'LOCATION'}]",
24,"It has been used for treating hypertension and cardiac failure lah, and also can use for pre-eclampsia during pregnancy one.","[{'hypertension': 'OTHER'}, {'cardiac failure,': 'OTHER'}, {'pre-eclampsia': 'OTHER'}]",[],"It has been used to treat hypertension and cardiac failure, and to treat pre-eclampsia during pregnancy.",{},"[{'hypertension': 'OTHER'}, {'cardiac failure,': 'OTHER'}, {'pre-eclampsia': 'OTHER'}]",
25,"The kampong people also not happy lor, then from 1846 to 1848, they more and more against Sturdza.",[{'Sturdza': 'PERSON'}],[{'Sturdza': 'PERSON'}],"The peasantry was also aggrieved, and between 1846 and 1848 opposition to Sturdza intensified.","[{'text': 'Sturdza', 'value': 'PERSON'}]",[{'Sturdza': 'PERSON'}],
26,"Like that, Reform Jews kena teased one, 'cause they don't follow the old Jewish beliefs lor.","[{'Jews': 'ORGANIZATION'}, {'Jewish': 'ORGANIZATION'}]","[{'Reform Jews': 'ORGANIZATION'}, {'Jewish': 'OTHER'}]","In particular, Reform Jews may be lampooned for their rejection of traditional Jewish beliefs.","[{'text': 'Reform Jews', 'value': 'OTHER'}, {'text': 'Jewish', 'value': 'OTHER'}]","[{'Jews': 'ORGANIZATION'}, {'Jewish': 'ORGANIZATION'}]",
27,It start as one spin-off from Murphy Oil in 2013 lah.,[{'Murphy Oil': 'ORGANIZATION'}],[{'Murphy Oil': 'ORGANIZATION'}],It was founded as a spin-off of Murphy Oil in 2013.,"[{'text': 'Murphy Oil', 'value': 'ORGANIZATION'}]",[{'Murphy Oil': 'ORGANIZATION'}],
28,"Anhur is one playable character in the multiplayer online battle arena game, ``SMITE'' lah.",[{'Anhur': 'OTHER'}],"[{'Anhur': 'PERSON'}, {'SMITE': 'PRODUCT'}]","Anhur is a playable character in the multiplayer online battle arena, ``SMITE''.","[{'text': 'Anhur', 'value': 'PERSON'}, {'text': 'SMITE', 'value': 'PRODUCT'}]",[{'Anhur': 'OTHER'}],
29,"Also hor, Santa actually never do anything wrong one lah, is Cousin Mel who plan everything one lor, in the song say a bit only but in the show make her like some gold-digger like that.","[{'Santa': 'PERSON'}, {'Cousin Mel': 'PERSON'}]","[{'Santa': 'PERSON'}, {'Cousin Mel': 'PERSON'}]","Moreover, Santa is actually innocent of the crime, which was instead masterminded by scheming relative Cousin Mel, who is mentioned briefly in the song but made into a gold-digging villainness in the special.","[{'text': 'Santa', 'value': 'PERSON'}, {'text': 'Cousin Mel', 'value': 'PERSON'}]","[{'Santa': 'PERSON'}, {'Cousin Mel': 'PERSON'}]",
30,Tyrosine phosphorylation means you add one phosphate (PO43−) group to the amino acid tyrosine on a protein lah.,"[{'PO43\\u2212': 'OTHER'}, {'amino acid tyrosine': 'OTHER'}]",[],Tyrosine phosphorylation is the addition of a phosphate (PO43−) group to the amino acid tyrosine on a protein.,{},"[{'PO43\\u2212': 'OTHER'}, {'amino acid tyrosine': 'OTHER'}]",
31,"Got internal conflicts lah, especially between Covaci and Baniciu, making headlines in the media one.","[{'Covaci': 'PERSON'}, {'Baniciu': 'PERSON'}]","[{'Covaci': 'PERSON'}, {'Baniciu': 'PERSON'}]","Internal conflicts, especially between Covaci and Baniciu, were making headlines in the media.","[{'text': 'Covaci', 'value': 'PERSON'}, {'text': 'Baniciu', 'value': 'PERSON'}]","[{'Covaci': 'PERSON'}, {'Baniciu': 'PERSON'}]",
32,"Allistair Pinsof from ``Destructoid``, he praise the game lor, say the controls power like ``Super Metroid`` and ``Super Castlevania IV`` one.","[{'Allistair Pinsof': 'PERSON'}, {'Destructoid': 'ORGANIZATION'}, {'Super Metroid': 'PRODUCT'}, {'Super Castlevania IV': 'PRODUCT'}]","[{'Allistair Pinsof': 'PERSON'}, {'Destructoid': 'ORGANIZATION'}, {'Super Metroid': 'PRODUCT'}, {'Super Castlevania IV': 'PRODUCT'}]","Allistair Pinsof of ``Destructoid``, praised the game, saying the controls were as good as that of ``Super Metroid`` and ``Super Castlevania IV.''","[{'text': 'Allistair Pinsof', 'value': 'PERSON'}, {'text': 'Destructoid', 'value': 'ORGANIZATION'}, {'text': 'Super Metroid', 'value': 'PRODUCT'}, {'text': 'Super Castlevania IV', 'value': 'PRODUCT'}]","[{'Allistair Pinsof': 'PERSON'}, {'Destructoid': 'ORGANIZATION'}, {'Super Metroid': 'PRODUCT'}, {'Super Castlevania IV': 'PRODUCT'}]",
33,Government say got state funeral and one whole day national mourning lor.,[],[{'Government': 'ORGANIZATION'}],The government announced a state funeral and a day of national mourning.,"[{'text': 'government', 'value': 'ORGANIZATION'}, {'text': 'state funeral', 'value': 'EVENT'}, {'text': 'day of national mourning', 'value': 'EVENT'}]",[],
34,"The Newfoundland Reform Liberal Party was one leader-centred political party in Newfoundland and Labrador, Canada from 1975 to 1979 lah.","[{'Newfoundland Reform Liberal Party': 'ORGANIZATION'}, {'Newfoundland and Labrador': 'LOCATION'}, {'Canada': 'LOCATION'}]","[{'Newfoundland Reform Liberal Party': 'ORGANIZATION'}, {'Newfoundland and Labrador': 'LOCATION'}, {'Canada': 'LOCATION'}]","The Newfoundland Reform Liberal Party was a leader-centred political party in Newfoundland and Labrador, Canada from 1975 to 1979.","[{'text': 'Newfoundland Reform Liberal Party', 'value': 'ORGANIZATION'}, {'text': 'Newfoundland and Labrador', 'value': 'LOCATION'}, {'text': 'Canada', 'value': 'LOCATION'}]","[{'Newfoundland Reform Liberal Party': 'ORGANIZATION'}, {'Newfoundland and Labrador': 'LOCATION'}, {'Canada': 'LOCATION'}]",
35,"Jamil marry Khalid Bakdash one daughter lor, he is one Syrian politician, last time got Secretary-General of the Syrian Communist Party and first communist to kena elect into Arab parliament in 1954 one.","[{'Jamil': 'PERSON'}, {'Khalid Bakdash': 'PERSON'}, {'Syria': 'LOCATION'}, {'Syrian Communist Party': 'ORGANIZATION'}, {'Arab': 'LOCATION'}]","[{'Khalid Bakdash': 'PERSON'}, {'Syrian Communist Party': 'ORGANIZATION'}, {'Arab parliament': 'ORGANIZATION'}, {'Syrian': 'LOCATION'}]","Jamil was married to the daughter of Khalid Bakdash, a Syrian politician who was the Secretary-General of the Syrian Communist Party and the first communist to be an elected member of an Arab parliament in 1954.","[{'text': 'Jamil', 'value': 'PERSON'}, {'text': 'Khalid Bakdash', 'value': 'PERSON'}, {'text': 'Syrian Communist Party', 'value': 'ORGANIZATION'}]","[{'Jamil': 'PERSON'}, {'Khalid Bakdash': 'PERSON'}, {'Syria': 'LOCATION'}, {'Syrian Communist Party': 'ORGANIZATION'}, {'Arab': 'LOCATION'}]",
36,"Back to Basics focus on genre classics one, show older movies and underground cult films, sometimes try a bit on the mainstream and new genre pieces lah.",[{'Back to Basics': 'ORGANIZATION'}],[{'Back to Basics': 'ORGANIZATION'}],"Back to Basics focuses on genre classics, showing older movies and underground cult films, with occasional stabs at mainstream and newer genre pieces.","[{'text': 'Back to Basics', 'value': 'EVENT'}]",[{'Back to Basics': 'ORGANIZATION'}],
37,"Hunt represent the 8th legislative district in Omaha lor, got the midtown neighborhoods like Dundee, Benson, and Keystone one.","[{'Hunt': 'PERSON'}, {'Omaha': 'LOCATION'}, {'Dundee': 'LOCATION'}, {'Benson': 'LOCATION'}, {'Keystone': 'LOCATION'}]","[{'Omaha': 'LOCATION'}, {'Dundee': 'LOCATION'}, {'Benson': 'LOCATION'}, {'Keystone': 'LOCATION'}]","Hunt represents the 8th legislative district in Omaha, consisting of the midtown neighborhoods of Dundee, Benson, and Keystone.","[{'text': 'Omaha', 'value': 'LOCATION'}, {'text': 'Dundee', 'value': 'LOCATION'}, {'text': 'Benson', 'value': 'LOCATION'}, {'text': 'Keystone', 'value': 'LOCATION'}, {'text': 'Hunt', 'value': 'PERSON'}]","[{'Hunt': 'PERSON'}, {'Omaha': 'LOCATION'}, {'Dundee': 'LOCATION'}, {'Benson': 'LOCATION'}, {'Keystone': 'LOCATION'}]",
38,Most of the town actually one gated community called Orchid Island Golf and Beach Club lah.,[{'Orchid Island Golf and Beach Club': 'LOCATION'}],[{'Orchid Island Golf and Beach Club': 'LOCATION'}],Most of the town is actually a gated community called Orchid Island Golf and Beach Club.,"[{'text': 'Orchid Island Golf and Beach Club', 'value': 'LOCATION'}]",[{'Orchid Island Golf and Beach Club': 'LOCATION'}],
39,"So like that, Maximilian III Joseph, Elector of Bavaria, he go and set up the Bavarian Academy of Sciences and Humanities lor, on 28 March 1759.","[{'Maximilian III Joseph, Elector of Bavaria': 'PERSON'}, {'Bavarian Academy of Sciences and Humanities': 'ORGANIZATION'}]","[{'Maximilian III Joseph': 'PERSON'}, {'Bavaria': 'LOCATION'}, {'Bavarian Academy of Sciences and Humanities': 'ORGANIZATION'}]","This led to the foundation by Maximilian III Joseph, Elector of Bavaria of the Bavarian Academy of Sciences and Humanities on 28 March 1759.","[{'text': 'Maximilian III Joseph', 'value': 'PERSON'}, {'text': 'Bavaria', 'value': 'LOCATION'}, {'text': 'Bavarian Academy of Sciences and Humanities', 'value': 'ORGANIZATION'}]","[{'Maximilian III Joseph, Elector of Bavaria': 'PERSON'}, {'Bavarian Academy of Sciences and Humanities': 'ORGANIZATION'}]",
40,"This collection got materials one, talk about sexual health issues from 1974-2007 lah.",[],[{'1974-2007': 'EVENT'}],This collection contains material relating to sexual health issues from 1974-2007.,"[{'text': '1974-2007', 'value': 'OTHER'}]",[],
41,"In 1955 hor, it start to receive one early model of the Boeing B-52 Stratofortress lor, then upgrade to many different models over the next 40 years.",[{'Boeing B-52': 'PRODUCT'}],[{'Boeing B-52 Stratofortress': 'PRODUCT'}],In 1955 it began receiving an early model of the Boeing B-52 Stratofortress and upgraded to various models over the next 40 years.,"[{'text': 'Boeing B-52 Stratofortress', 'value': 'PRODUCT'}, {'text': '1955', 'value': 'OTHER'}]",[{'Boeing B-52': 'PRODUCT'}],
42,"Del Imaginario Discos from Argentina also released the album lah, in 2007.","[{'Argentina': 'LOCATION'}, {'Del Imaginario Discos': 'ORGANIZATION'}]","[{'Del Imaginario Discos': 'ORGANIZATION'}, {'Argentina': 'LOCATION'}]",Argentina's Del Imaginario Discos also released the album in 2007.,"[{'text': 'Argentina', 'value': 'LOCATION'}, {'text': 'Del Imaginario Discos', 'value': 'ORGANIZATION'}]","[{'Argentina': 'LOCATION'}, {'Del Imaginario Discos': 'ORGANIZATION'}]",
43,"Golaem, one software company from France one, developed it lor (started in Rennes in 2009).","[{'Golaem': 'ORGANIZATION'}, {'France': 'LOCATION'}, {'Rennes': 'LOCATION'}]","[{'Golaem': 'ORGANIZATION'}, {'France': 'LOCATION'}, {'Rennes': 'LOCATION'}]","It is developed by Golaem, a France -based software company (created in Rennes in 2009).","[{'text': 'Golaem', 'value': 'ORGANIZATION'}, {'text': 'France', 'value': 'LOCATION'}, {'text': 'Rennes', 'value': 'LOCATION'}]","[{'Golaem': 'ORGANIZATION'}, {'France': 'LOCATION'}, {'Rennes': 'LOCATION'}]",
44,Many of the men kena separate from their families and send into the B.C. lor.,[],[{'B.C.': 'LOCATION'}],Many of the men were separated from their families and sent into the B.C.,"[{'text': 'B.C.', 'value': 'LOCATION'}]",[],
45,"The one who start Kōeido, the one selling Kibi dango lah, he go and write one travel guide in 1895 lor. He say hor, Kibitsuhiko himself hand-roll some kibi dango to give Emperor Jimmu one, when he come by Takayama Palace in Okayama.","[{'K\\u014deido': 'ORGANIZATION'}, {'Kibi dango': 'PRODUCT'}, {'Kibitsuhiko': 'ORGANIZATION'}, {'kibi dango': 'PRODUCT'}, {'Jimmu': 'PERSON'}, {'Takayama Palace': 'BUILDING'}, {'Okayama': 'LOCATION'}]","[{'Kōeido': 'ORGANIZATION'}, {'Kibi dango': 'PRODUCT'}, {'Kibitsuhiko': 'PERSON'}, {'Emperor Jimmu': 'PERSON'}, {'Takayama Palace': 'BUILDING'}, {'Okayama': 'LOCATION'}]","The founder of Kōeido (the purveyors of Kibi dango) authored a travel guide in 1895, in which he claimed that Kibitsuhiko rolled with his own hand some kibi dango to give to Emperor Jimmu who stopped at Takayama Palace in Okayama.","[{'text': 'Kōeido', 'value': 'ORGANIZATION'}, {'text': 'Kibi dango', 'value': 'PRODUCT'}, {'text': 'Kibitsuhiko', 'value': 'PERSON'}, {'text': 'Emperor Jimmu', 'value': 'PERSON'}, {'text': 'Takayama Palace', 'value': 'BUILDING'}, {'text': 'Okayama', 'value': 'LOCATION'}]","[{'K\\u014deido': 'ORGANIZATION'}, {'Kibi dango': 'PRODUCT'}, {'Kibitsuhiko': 'ORGANIZATION'}, {'kibi dango': 'PRODUCT'}, {'Jimmu': 'PERSON'}, {'Takayama Palace': 'BUILDING'}, {'Okayama': 'LOCATION'}]",
46,"His student Vadeebhasimha write in prose 'Gayachintamani' and 'Kshatrachudamini' one, based on poet Banas 'Kadambari' lah, then minister Chavundaraya also write 'Charitarasara'.","[{'Vadeebhasimha': 'PERSON'}, {'Gayachintamani': 'ART'}, {'Kshatrachudamini': 'ART'}, {'Banas': 'PERSON'}, {'Kadambari': 'ART'}, {'Chavundaraya': 'PERSON'}, {'Charitarasara': 'ART'}]","[{'Vadeebhasimha': 'PERSON'}, {'Gayachintamani': 'OTHER'}, {'Kshatrachudamini': 'OTHER'}, {'Banas': 'PERSON'}, {'Kadambari': 'OTHER'}, {'Chavundaraya': 'PERSON'}, {'Charitarasara': 'OTHER'}]",His pupil Vadeebhasimha wrote in prose ``Gayachintamani`` and ``Kshatrachudamini`` based on poet Banas ``Kadambari`` and minister Chavundaraya wrote ``Charitarasara``.,"[{'text': 'Vadeebhasimha', 'value': 'PERSON'}, {'text': 'Gayachintamani', 'value': 'OTHER'}, {'text': 'Kshatrachudamini', 'value': 'OTHER'}, {'text': 'Bana', 'value': 'PERSON'}, {'text': 'Kadambari', 'value': 'OTHER'}, {'text': 'Chavundaraya', 'value': 'PERSON'}, {'text': 'Charitarasara', 'value': 'OTHER'}]","[{'Vadeebhasimha': 'PERSON'}, {'Gayachintamani': 'ART'}, {'Kshatrachudamini': 'ART'}, {'Banas': 'PERSON'}, {'Kadambari': 'ART'}, {'Chavundaraya': 'PERSON'}, {'Charitarasara': 'ART'}]",
47,"Dorsa got Bachelor of Music in Composition one from California State University, Northridge in 2001, then Master of Music in Harpsichord Performance at Cal State Northridge in 2004, and Doctor of Musical Arts at University of Michigan, Ann Arbor in 2008 lah.","[{'Dorsa': 'PERSON'}, {'Bachelor of Music': 'OTHER'}, {'California State University, Northridge': 'ORGANIZATION'}, {'Master of Music': 'OTHER'}, {'Cal State Northridge': 'ORGANIZATION'}, {'Doctor of Musical Arts': 'OTHER'}, {'University of Michigan': 'ORGANIZATION'}, {'Ann Arbor': 'LOCATION'}]","[{'Dorsa': 'PERSON'}, {'California State University, Northridge': 'ORGANIZATION'}, {'Cal State Northridge': 'ORGANIZATION'}, {'University of Michigan, Ann Arbor': 'ORGANIZATION'}]","Dorsa has a Bachelor of Music in Composition from California State University, Northridge in 2001, Master of Music in Harpsichord Performance at Cal State Northridge in 2004, and a Doctor of Musical Arts at the University of Michigan, Ann Arbor in 2008.","[{'text': 'Dorsa', 'value': 'PERSON'}, {'text': 'California State University, Northridge', 'value': 'ORGANIZATION'}, {'text': 'Cal State Northridge', 'value': 'ORGANIZATION'}, {'text': 'University of Michigan, Ann Arbor', 'value': 'ORGANIZATION'}]","[{'Dorsa': 'PERSON'}, {'Bachelor of Music': 'OTHER'}, {'California State University, Northridge': 'ORGANIZATION'}, {'Master of Music': 'OTHER'}, {'Cal State Northridge': 'ORGANIZATION'}, {'Doctor of Musical Arts': 'OTHER'}, {'University of Michigan': 'ORGANIZATION'}, {'Ann Arbor': 'LOCATION'}]",
48,"She also write fiction one, her work got awards lor.",[],[],She has also written fiction and her work has gained awards.,{},[],
49,"Dublin also got service by Weston Airport lah, and other small-small facilities, got helicopter operators also, then the military and some more State services use Casement Aerodrome nearby one.","[{'Dublin': 'LOCATION'}, {'Weston Airport': 'BUILDING'}, {'Casement Aerodrome': 'BUILDING'}]","[{'Dublin': 'LOCATION'}, {'Weston Airport': 'LOCATION'}, {'Casement Aerodrome': 'LOCATION'}]","Dublin is also served by Weston Airport and other small facilities, by a range of helicopter operators, and the military and some State services use Casement Aerodrome nearby.","[{'text': 'Dublin', 'value': 'LOCATION'}, {'text': 'Weston Airport', 'value': 'LOCATION'}, {'text': 'Casement Aerodrome', 'value': 'LOCATION'}]","[{'Dublin': 'LOCATION'}, {'Weston Airport': 'BUILDING'}, {'Casement Aerodrome': 'BUILDING'}]",
50,"Some versions, the eggplant not grilled one, but boiled, so it becomes more soft and don't have the smoky flavor like the original dish lor.",[{'eggplant': 'OTHER'}],[],"In some versions, the eggplant is not grilled, but is instead boiled, resulting in a softer version that lacks the characteristic smoky flavor of the original dish.",{},[{'eggplant': 'OTHER'}],
51,"Glutamine synthetase use ammonia one, produced by nitrate reduction, amino acid degradation, and photorespiration lah.","[{'Glutamine synthetase': 'OTHER'}, {'ammonia': 'OTHER'}, {'amino acid': 'OTHER'}]",[],"Glutamine synthetase uses ammonia produced by nitrate reduction, amino acid degradation, and photorespiration.",{},"[{'Glutamine synthetase': 'OTHER'}, {'ammonia': 'OTHER'}, {'amino acid': 'OTHER'}]",
52,"Pune lose the match 1–3 lah, all three goals come after Amrinder came on.","[{'Pune': 'ORGANIZATION'}, {'Amrinder': 'PERSON'}]","[{'Pune': 'LOCATION'}, {'Amrinder': 'PERSON'}]",Pune lost the match 1–3 with all three goals coming after Amrinder came on.,"[{'text': 'Pune', 'value': 'LOCATION'}, {'text': 'Amrinder', 'value': 'PERSON'}]","[{'Pune': 'ORGANIZATION'}, {'Amrinder': 'PERSON'}]",
53,"He go and produce for Kim Fowley and BMX Bandits one, that Receiver Records album ``Hidden Agenda At the Thirteenth Not`` lah.","[{'Kim Fowley': 'PERSON'}, {'BMX Bandits': 'ORGANIZATION'}, {'Receiver Records': 'ORGANIZATION'}, {'Hidden Agenda At the Thirteenth Not': 'ART'}]","[{'Kim Fowley': 'PERSON'}, {'BMX Bandits': 'ORGANIZATION'}, {'Receiver Records': 'ORGANIZATION'}, {'Hidden Agenda At the Thirteenth Not': 'PRODUCT'}]",He went on to produce Kim Fowley and the BMX Bandits (band) Receiver Records' album ``Hidden Agenda At the Thirteenth Not``.,"[{'text': 'Kim Fowley', 'value': 'PERSON'}, {'text': 'BMX Bandits', 'value': 'ORGANIZATION'}, {'text': 'Receiver Records', 'value': 'ORGANIZATION'}, {'text': 'Hidden Agenda At the Thirteenth Not', 'value': 'PRODUCT'}]","[{'Kim Fowley': 'PERSON'}, {'BMX Bandits': 'ORGANIZATION'}, {'Receiver Records': 'ORGANIZATION'}, {'Hidden Agenda At the Thirteenth Not': 'ART'}]",
54,"Early kampungs start to show up at the starting of the 19th century lah, got Lynchburg, Harrisburg, and Rightor's Point one (now call Morgan's Point) in the 1820s.","[{'Lynchburg': 'LOCATION'}, {'Harrisburg': 'LOCATION'}, {""Rightor's Point"": 'LOCATION'}, {""Morgan's Point"": 'LOCATION'}]","[{'Lynchburg': 'LOCATION'}, {'Harrisburg': 'LOCATION'}, {""Rightor's Point"": 'LOCATION'}, {""Morgan's Point"": 'LOCATION'}]","Early communities began to appear at the beginning of the 19th century, including Lynchburg, Harrisburg, and Rightor's Point (modern Morgan's Point) in the 1820s.","[{'text': 'Lynchburg', 'value': 'LOCATION'}, {'text': 'Harrisburg', 'value': 'LOCATION'}, {'text': ""Rightor's Point"", 'value': 'LOCATION'}, {'text': ""Morgan's Point"", 'value': 'LOCATION'}]","[{'Lynchburg': 'LOCATION'}, {'Harrisburg': 'LOCATION'}, {""Rightor's Point"": 'LOCATION'}, {""Morgan's Point"": 'LOCATION'}]",
55,"Gonu cause quite the strong gusty winds and heavy rain lah, along Pakistan's Arabian Sea coast from Karachi to Gwadar.","[{'Gonu': 'EVENT'}, {""Pakistan's Arabian Sea coast"": 'LOCATION'}, {'Karachi': 'LOCATION'}, {'Gwadar': 'LOCATION'}]","[{'Gonu': 'EVENT'}, {'Pakistan': 'LOCATION'}, {'Arabian Sea': 'LOCATION'}, {'Karachi': 'LOCATION'}, {'Gwadar': 'LOCATION'}]",Gonu caused strong gusty winds and torrential rainfall along Pakistan's Arabian Sea coast from Karachi to Gwadar.,"[{'text': 'Gonu', 'value': 'EVENT'}, {'text': 'Pakistan', 'value': 'LOCATION'}, {'text': 'Arabian Sea', 'value': 'LOCATION'}, {'text': 'Karachi', 'value': 'LOCATION'}, {'text': 'Gwadar', 'value': 'LOCATION'}]","[{'Gonu': 'EVENT'}, {""Pakistan's Arabian Sea coast"": 'LOCATION'}, {'Karachi': 'LOCATION'}, {'Gwadar': 'LOCATION'}]",
56,Kenyon go Maynooth Seminary in 1829 lah – the year of Catholic Emancipation one.,"[{'Kenyon': 'PERSON'}, {'Maynooth Seminary': 'ORGANIZATION'}, {'Catholic Emancipation': 'EVENT'}]","[{'Maynooth Seminary': 'ORGANIZATION'}, {'Catholic Emancipation': 'EVENT'}]",Kenyon entered Maynooth Seminary in 1829 – the year of Catholic Emancipation.,"[{'text': 'Maynooth Seminary', 'value': 'LOCATION'}, {'text': 'Catholic Emancipation', 'value': 'EVENT'}, {'text': 'Kenyon', 'value': 'PERSON'}]","[{'Kenyon': 'PERSON'}, {'Maynooth Seminary': 'ORGANIZATION'}, {'Catholic Emancipation': 'EVENT'}]",
57,Team Orr scored four times on the way to 7–1 win lor.,[{'Team Orr': 'ORGANIZATION'}],[{'Team Orr': 'ORGANIZATION'}],Team Orr scored four times on way to a 7–1 victory.,"[{'text': 'Team Orr', 'value': 'ORGANIZATION'}]",[{'Team Orr': 'ORGANIZATION'}],
58,"Also, the SFO say can pay for the legal costs lor.",[{'the SFO': 'ORGANIZATION'}],[{'SFO': 'ORGANIZATION'}],"Furthermore, the SFO offered to pay reasonable legal costs.","[{'text': 'SFO', 'value': 'ORGANIZATION'}]",[{'the SFO': 'ORGANIZATION'}],
59,"The situation start to become clear one after 1961 lor, when South Africa say bye-bye to the Commonwealth of Nations, then hor, by the rules that time, its cricket board must also cabut from the International Cricket Conference (ICC) lah.","[{'South Africa': 'LOCATION'}, {'Commonwealth of Nations': 'ORGANIZATION'}, {'International Cricket Conference': 'ORGANIZATION'}, {'ICC': 'ORGANIZATION'}]","[{'South Africa': 'LOCATION'}, {'Commonwealth of Nations': 'ORGANIZATION'}, {'International Cricket Conference': 'ORGANIZATION'}]","The situation began to crystallise after 1961 when South Africa left the Commonwealth of Nations and so, under the rules of the day, its cricket board had to leave the International Cricket Conference (ICC).","[{'text': 'South Africa', 'value': 'LOCATION'}, {'text': 'Commonwealth of Nations', 'value': 'ORGANIZATION'}, {'text': 'International Cricket Conference', 'value': 'ORGANIZATION'}]","[{'South Africa': 'LOCATION'}, {'Commonwealth of Nations': 'ORGANIZATION'}, {'International Cricket Conference': 'ORGANIZATION'}, {'ICC': 'ORGANIZATION'}]",
60,"Her brother run for the United States House of Representatives from upstate New York one, but no luck lah, in 1992 and 1994.","[{'United States House of Representatives': 'ORGANIZATION'}, {'New York': 'LOCATION'}]","[{'United States House of Representatives': 'ORGANIZATION'}, {'New York': 'LOCATION'}]","Her brother ran unsuccessfully for the United States House of Representatives from upstate New York, in 1992 and 1994.","[{'text': 'United States House of Representatives', 'value': 'ORGANIZATION'}, {'text': 'New York', 'value': 'LOCATION'}]","[{'United States House of Representatives': 'ORGANIZATION'}, {'New York': 'LOCATION'}]",
61,Nhulunbuy Corporation the one running it lah.,[{'Nhulunbuy Corporation': 'ORGANIZATION'}],[{'Nhulunbuy Corporation': 'ORGANIZATION'}],It is operated by the Nhulunbuy Corporation.,"[{'text': 'Nhulunbuy Corporation', 'value': 'ORGANIZATION'}]",[{'Nhulunbuy Corporation': 'ORGANIZATION'}],
62,"The festival one kind event for world television and digital content, how to make and grow it lor.",[],[{'festival': 'EVENT'}],The festival is dedicated to world television and digital content and its creation and development.,"[{'text': 'festival', 'value': 'EVENT'}]",[],
63,"The story last time got adapt to the stage in 1939 one at the Martin Beck Theater, very good one, but only can run for six shows 'cos the production very expensive lah.",[{'Martin Beck Theater': 'BUILDING'}],"[{'Martin Beck Theater': 'BUILDING'}, {'1939': 'OTHER'}]","The story had been adapted to the stage in 1939 at the Martin Beck Theater to great acclaim, but only ran for six performances because the production proved to be expensive.","[{'text': 'Martin Beck Theater', 'value': 'BUILDING'}, {'text': '1939', 'value': 'OTHER'}]",[{'Martin Beck Theater': 'BUILDING'}],
64,Royal Malaysia Police Air Operations Force or 'Pasukan Gerakan Udara (PGU)' one special aviation unit under Royal Malaysia Police lah.,"[{'Royal Malaysia Police Air Operations Force': 'ORGANIZATION'}, {'Pasukan Gerakan Udara': 'ORGANIZATION'}, {'PGU': 'ORGANIZATION'}, {'Royal Malaysia Police': 'ORGANIZATION'}]","[{'Royal Malaysia Police Air Operations Force': 'ORGANIZATION'}, {'Pasukan Gerakan Udara': 'ORGANIZATION'}, {'PGU': 'ORGANIZATION'}, {'Royal Malaysia Police': 'ORGANIZATION'}]",Royal Malaysia Police Air Operations Force or ``Pasukan Gerakan Udara (PGU)'' is a special aviation unit of Royal Malaysia Police.,"[{'text': 'Royal Malaysia Police Air Operations Force', 'value': 'ORGANIZATION'}, {'text': 'Pasukan Gerakan Udara', 'value': 'ORGANIZATION'}, {'text': 'PGU', 'value': 'ORGANIZATION'}, {'text': 'Royal Malaysia Police', 'value': 'ORGANIZATION'}]","[{'Royal Malaysia Police Air Operations Force': 'ORGANIZATION'}, {'Pasukan Gerakan Udara': 'ORGANIZATION'}, {'PGU': 'ORGANIZATION'}, {'Royal Malaysia Police': 'ORGANIZATION'}]",
65,"USP42 also can deubiquitinate p53 one, maybe got need for p53 to react to stress lah.","[{'USP42': 'OTHER'}, {'p53': 'OTHER'}, {'p53': 'OTHER'}]","[{'USP42': 'OTHER'}, {'p53': 'OTHER'}]",USP42 has also been shown to deubiquitinate p53 and may be required for the ability of p53 to respond to stress.,"[{'text': 'USP42', 'value': 'OTHER'}, {'text': 'p53', 'value': 'OTHER'}]","[{'USP42': 'OTHER'}, {'p53': 'OTHER'}, {'p53': 'OTHER'}]",
66,"Richard D.Zanuck and David Brown, they the ones who produced it lah.","[{'Richard D.Zanuck': 'PERSON'}, {'David Brown': 'PERSON'}]","[{'Richard D.Zanuck': 'PERSON'}, {'David Brown': 'PERSON'}]",It was produced by Richard D.Zanuck and David Brown.,"[{'text': 'Richard D.Zanuck', 'value': 'PERSON'}, {'text': 'David Brown', 'value': 'PERSON'}]","[{'Richard D.Zanuck': 'PERSON'}, {'David Brown': 'PERSON'}]",
67,"At festival, Siddhi save Vin from kena shoot by Rudra lah.","[{'Siddhi': 'PERSON'}, {'Vin': 'PERSON'}, {'Rudra': 'PERSON'}]","[{'Siddhi': 'PERSON'}, {'Vin': 'PERSON'}, {'Rudra': 'PERSON'}]","At a festival, Siddhi saves Vin from being shot at by Rudra.","[{'text': 'Siddhi', 'value': 'PERSON'}, {'text': 'Vin', 'value': 'PERSON'}, {'text': 'Rudra', 'value': 'PERSON'}]","[{'Siddhi': 'PERSON'}, {'Vin': 'PERSON'}, {'Rudra': 'PERSON'}]",
68,Same effects also can see in short pubertal boys lah.,[],[],The same effects have also been seen in short pubertal boys.,{},[],
69,"Loyalists kena recruit from Queens County, New York by Lieutenant Colonel Richard Hewlett for the 3rd battalion DeLancey's Brigade lor, they go and set up one fortified position in early August at the central north shore of Long Island at Setauket, just across Long Island Sound from Fairfield.","[{'Queens County': 'LOCATION'}, {'New York': 'LOCATION'}, {'Richard Hewlett': 'PERSON'}, {""DeLancey's Brigade"": 'ORGANIZATION'}, {'Long Island': 'LOCATION'}, {'Setauket': 'LOCATION'}, {'Long Island Sound': 'LOCATION'}, {'Fairfield': 'LOCATION'}]","[{'Queens County': 'LOCATION'}, {'New York': 'LOCATION'}, {'Richard Hewlett': 'PERSON'}, {""DeLancey's Brigade"": 'ORGANIZATION'}, {'Long Island': 'LOCATION'}, {'Setauket': 'LOCATION'}, {'Long Island Sound': 'LOCATION'}, {'Fairfield': 'LOCATION'}]","Loyalists recruited from Queens County, New York by Lieutenant Colonel Richard Hewlett for the 3rd battalion DeLancey's Brigade had established a fortified position in early August on the central north shore of Long Island at Setauket, just across Long Island Sound from Fairfield.","[{'text': 'Queens County', 'value': 'LOCATION'}, {'text': 'New York', 'value': 'LOCATION'}, {'text': 'Richard Hewlett', 'value': 'PERSON'}, {'text': ""DeLancey's Brigade"", 'value': 'ORGANIZATION'}, {'text': 'Long Island', 'value': 'LOCATION'}, {'text': 'Setauket', 'value': 'LOCATION'}, {'text': 'Long Island Sound', 'value': 'LOCATION'}, {'text': 'Fairfield', 'value': 'LOCATION'}]","[{'Queens County': 'LOCATION'}, {'New York': 'LOCATION'}, {'Richard Hewlett': 'PERSON'}, {""DeLancey's Brigade"": 'ORGANIZATION'}, {'Long Island': 'LOCATION'}, {'Setauket': 'LOCATION'}, {'Long Island Sound': 'LOCATION'}, {'Fairfield': 'LOCATION'}]",
70,"Alex Salmond, leader of SNP lor, made history already lor, become the first First Minister of Scotland, not from Labour one.","[{'Alex Salmond': 'PERSON'}, {'SNP': 'ORGANIZATION'}, {'Scotland': 'LOCATION'}, {'Labour': 'ORGANIZATION'}]","[{'Alex Salmond': 'PERSON'}, {'SNP': 'ORGANIZATION'}, {'Scotland': 'LOCATION'}, {'Labour': 'ORGANIZATION'}]",Alex Salmond (leader of SNP) has since made history by becoming the first First Minister of Scotland from a party other than Labour.,"[{'text': 'Alex Salmond', 'value': 'PERSON'}, {'text': 'SNP', 'value': 'ORGANIZATION'}, {'text': 'Scotland', 'value': 'LOCATION'}, {'text': 'Labour', 'value': 'ORGANIZATION'}]","[{'Alex Salmond': 'PERSON'}, {'SNP': 'ORGANIZATION'}, {'Scotland': 'LOCATION'}, {'Labour': 'ORGANIZATION'}]",
71,"Mediaite give her name one part of the four-corner fight for 'Best TV Pundits' in 2014 lor, 'cause she really know her stuff on women's health and justice issues, not just the same old pattern.","[{'Mediaite': 'PERSON'}, {'Best TV Pundits': 'OTHER'}]","[{'Mediaite': 'ORGANIZATION'}, {'Best TV Pundits': 'EVENT'}]",Mediaite named her in a four-way tie among the ``Best TV Pundits`` of 2014 for bringing ``a comprehensive understanding to women's health and justice issues that goes beyond the usual talking points.'',"[{'text': 'Mediaite', 'value': 'ORGANIZATION'}, {'text': 'Best TV Pundits', 'value': 'OTHER'}]","[{'Mediaite': 'PERSON'}, {'Best TV Pundits': 'OTHER'}]",
72,"In 1967, the park become the place where people gather for a peaceful anti-war rally lah.",[],"[{'1967': 'OTHER'}, {'the park': 'LOCATION'}]","In 1967, the park was the gathering place for a peaceful anti-war rally.","[{'text': '1967', 'value': 'OTHER'}, {'text': 'the park', 'value': 'LOCATION'}]",[],
73,"Patrick Morris send out own mayday call at 6:51 am lah, then sank 35 minutes later lor.",[{'Patrick Morris': 'PRODUCT'}],[{'Patrick Morris': 'PERSON'}],Patrick Morris sent out her own mayday call at 6:51 am and sank 35 minutes later.,"[{'text': 'Patrick Morris', 'value': 'PERSON'}]",[{'Patrick Morris': 'PRODUCT'}],
74,"A German teacher most of her life lah, MacKeith also kena advocate for peace one during the Aldermaston Marches in the 1950s and kena protest against the Vietnam War at Grosvenor Square in the 1960s.","[{'German': 'LOCATION'}, {'MacKeith': 'PERSON'}, {'Aldermaston Marches': 'EVENT'}, {'Vietnam War': 'EVENT'}, {'Grosvenor Square': 'LOCATION'}]","[{'Aldermaston Marches': 'EVENT'}, {'Vietnam War': 'EVENT'}, {'Grosvenor Square': 'LOCATION'}]","A German teacher for much of her life, MacKeith also advocated for peace during the Aldermaston Marches in the 1950s and demonstrations against the Vietnam War in Grosvenor Square in the 1960s.","[{'text': 'Aldermaston Marches', 'value': 'EVENT'}, {'text': 'Vietnam War', 'value': 'EVENT'}, {'text': 'Grosvenor Square', 'value': 'LOCATION'}, {'text': 'MacKeith', 'value': 'PERSON'}]","[{'German': 'LOCATION'}, {'MacKeith': 'PERSON'}, {'Aldermaston Marches': 'EVENT'}, {'Vietnam War': 'EVENT'}, {'Grosvenor Square': 'LOCATION'}]",
75,Puckrik last time travel here and there when small because her father from army lor.,[{'Puckrik': 'PERSON'}],[{'Puckrik': 'PERSON'}],Puckrik travelled widely in her childhood due to her father's military background.,"[{'text': 'Puckrik', 'value': 'PERSON'}]",[{'Puckrik': 'PERSON'}],
76,"According to Steak' n Shake archives lah, the restaurant founder, Gus Belt, went to apply for trademark on the word one in the 1930s.","[{""Steak' n Shake"": 'ART'}, {'Gus Belt': 'PERSON'}]","[{""Steak' n Shake"": 'ORGANIZATION'}, {'Gus Belt': 'PERSON'}]","According to Steak' n Shake archives, the restaurant's founder, Gus Belt, applied for a trademark on the word in the 1930s.","[{'text': ""Steak' n Shake"", 'value': 'ORGANIZATION'}, {'text': 'Gus Belt', 'value': 'PERSON'}]","[{""Steak' n Shake"": 'ART'}, {'Gus Belt': 'PERSON'}]",
77,They use quite a few features from one batch of A1 Pacifics they built in 1924 lah.,[{'A1 Pacifics': 'PRODUCT'}],"[{'A1 Pacifics': 'PRODUCT'}, {'1924': 'OTHER'}]",They used several features from a batch of A1 Pacifics they had built in 1924.,"[{'text': 'A1 Pacifics', 'value': 'PRODUCT'}]",[{'A1 Pacifics': 'PRODUCT'}],
78,"The album got remixes of ``Like It or Not`` and ``Tearing Me Up`` one, from artists like A-Trak, RAC, Joris Voorn, and Tale of Us lah.","[{'Like It or Not': 'ART'}, {'Tearing Me Up': 'ART'}, {'A-Trak': 'PERSON'}, {'RAC': 'PERSON'}, {'Joris Voorn': 'PERSON'}, {'Tale of Us': 'PERSON'}]","[{'A-Trak': 'PERSON'}, {'RAC': 'PERSON'}, {'Joris Voorn': 'PERSON'}, {'Tale of Us': 'PERSON'}]","The album featured remixes of ``Like It or Not`` and ``Tearing Me Up`` from artists like A-Trak, RAC, Joris Voorn, and Tale of Us.","[{'text': 'A-Trak', 'value': 'PERSON'}, {'text': 'RAC', 'value': 'PERSON'}, {'text': 'Joris Voorn', 'value': 'PERSON'}, {'text': 'Tale of Us', 'value': 'PERSON'}]","[{'Like It or Not': 'ART'}, {'Tearing Me Up': 'ART'}, {'A-Trak': 'PERSON'}, {'RAC': 'PERSON'}, {'Joris Voorn': 'PERSON'}, {'Tale of Us': 'PERSON'}]",
79,"England one in ODI history lowest match score is 91, at the 1979 Cricket World Cup against Canada lor.","[{'England': 'ORGANIZATION'}, {'Cricket World Cup': 'EVENT'}, {'Canada': 'ORGANIZATION'}]","[{'England': 'LOCATION'}, {'ODI': 'OTHER'}, {'Canada': 'LOCATION'}, {'1979 Cricket World Cup': 'EVENT'}]",The lowest match aggregate in ODI history for England is 91 scored at the 1979 Cricket World Cup against Canada.,"[{'text': 'England', 'value': 'LOCATION'}, {'text': '1979 Cricket World Cup', 'value': 'EVENT'}, {'text': 'Canada', 'value': 'LOCATION'}]","[{'England': 'ORGANIZATION'}, {'Cricket World Cup': 'EVENT'}, {'Canada': 'ORGANIZATION'}]",
80,"Last time in the mid-'60s, they go fit one prototype inside one special DB5 extended 4'' behind the doors, Marek himself drive one, then in 1998, they go put V8 unit inside the normal 6-cylinder Aston Martin DB7 lor.","[{""DB5 extended 4''"": 'PRODUCT'}, {'Marek': 'PERSON'}, {'Aston Martin DB7': 'PRODUCT'}, {'V8 unit': 'PRODUCT'}]","[{'DB5': 'PRODUCT'}, {'Marek': 'PERSON'}, {'Aston Martin DB7': 'PRODUCT'}]","A prototype was fitted in the mid-'60s in a one-off DB5 extended 4'' after the doors and driven by Marek personally, and a normally 6-cylinder Aston Martin DB7 was equipped with a V8 unit in 1998.","[{'text': 'DB5', 'value': 'PRODUCT'}, {'text': 'Marek', 'value': 'PERSON'}, {'text': 'Aston Martin DB7', 'value': 'PRODUCT'}]","[{""DB5 extended 4''"": 'PRODUCT'}, {'Marek': 'PERSON'}, {'Aston Martin DB7': 'PRODUCT'}, {'V8 unit': 'PRODUCT'}]",
81,"Last season of minor league play at Elkin Memorial Park lor, got 16,322 people come watch, average like 299 each match lah.",[{'Elkin Memorial Park': 'LOCATION'}],[{'Elkin Memorial Park': 'LOCATION'}],"The final season of minor league play Elkin Memorial Park saw season attendance of 16,322, an average of 299 per contest.","[{'text': 'Elkin Memorial Park', 'value': 'LOCATION'}]",[{'Elkin Memorial Park': 'LOCATION'}],
82,"Victor Cristaldo (born 10 May 1967) is one retired Argentine-born Australian footballer lah, got Paraguayan blood one.","[{'Victor Cristaldo': 'PERSON'}, {'Argentine': 'LOCATION'}, {'Australia': 'LOCATION'}, {'Paraguay': 'LOCATION'}]","[{'Victor Cristaldo': 'PERSON'}, {'Argentine': 'LOCATION'}, {'Australian': 'LOCATION'}, {'Paraguayan': 'LOCATION'}]",Victor Cristaldo (born 10 May 1967) is a retired Argentine-born Australian professional footballer of Paraguayan descent.,"[{'text': 'Victor Cristaldo', 'value': 'PERSON'}, {'text': 'Argentine', 'value': 'LOCATION'}, {'text': 'Australian', 'value': 'LOCATION'}, {'text': 'Paraguayan', 'value': 'LOCATION'}]","[{'Victor Cristaldo': 'PERSON'}, {'Argentine': 'LOCATION'}, {'Australia': 'LOCATION'}, {'Paraguay': 'LOCATION'}]",
83,"The 117-bed facility got all individual rooms one, each with own bathroom inside.",[],[],"The 117-bed facility entirely comprised individual rooms, each with its own en-suite bathroom facilities.",{},[],
84,"The Ninth kena whack bad at the Battle of Camulodunum with Quintus Petillius Cerialis during Boudica's time (61), lor, when most of the foot-soldiers die-die in the jialat try to save the Camulodunum (Colchester) city kena siege.","[{'Camulodunum': 'EVENT'}, {'Quintus Petillius Cerialis': 'PERSON'}, {'Boudica': 'EVENT'}, {'Camulodunum': 'LOCATION'}, {'Colchester': 'LOCATION'}]","[{'Battle of Camulodunum': 'EVENT'}, {'Quintus Petillius Cerialis': 'PERSON'}, {'Boudica': 'PERSON'}, {'Camulodunum': 'LOCATION'}, {'Colchester': 'LOCATION'}]","The Ninth suffered a serious defeat at the Battle of Camulodunum under Quintus Petillius Cerialis in the rebellion of Boudica (61), when most of the foot-soldiers were killed in a disastrous attempt to relieve the besieged city of Camulodunum (Colchester).","[{'text': 'Ninth', 'value': 'ORGANIZATION'}, {'text': 'Battle of Camulodunum', 'value': 'EVENT'}, {'text': 'Quintus Petillius Cerialis', 'value': 'PERSON'}, {'text': 'Boudica', 'value': 'PERSON'}, {'text': 'Camulodunum', 'value': 'LOCATION'}, {'text': 'Colchester', 'value': 'LOCATION'}]","[{'Camulodunum': 'EVENT'}, {'Quintus Petillius Cerialis': 'PERSON'}, {'Boudica': 'EVENT'}, {'Camulodunum': 'LOCATION'}, {'Colchester': 'LOCATION'}]",
85,The Austro-Hungarian Navy build and operate two classes of protected cruisers one.,[{'Austro-Hungarian Navy': 'ORGANIZATION'}],[{'Austro-Hungarian Navy': 'ORGANIZATION'}],The Austro-Hungarian Navy built and operated two classes of protected cruisers.,"[{'text': 'Austro-Hungarian Navy', 'value': 'ORGANIZATION'}]",[{'Austro-Hungarian Navy': 'ORGANIZATION'}],
86,"He kena spotlight by all the big name publications and media like CNN, The Huffington Post, Hypebeast, The Guardian, Juxtapoz Magazine, Daily Mail, NRDC, Aljazeera and Hi-Fructose Magazine lah.","[{'CNN': 'ORGANIZATION'}, {'The Huffington Post': 'ORGANIZATION'}, {'Hypebeast': 'ORGANIZATION'}, {'The Guardian': 'ORGANIZATION'}, {'Juxtapoz Magazine': 'ORGANIZATION'}, {'Daily Mail, NRDC': 'ORGANIZATION'}, {'Aljazeera': 'ORGANIZATION'}, {'Hi-Fructose Magazine': 'ORGANIZATION'}]","[{'CNN': 'ORGANIZATION'}, {'The Huffington Post': 'ORGANIZATION'}, {'Hypebeast': 'ORGANIZATION'}, {'The Guardian': 'ORGANIZATION'}, {'Juxtapoz Magazine': 'ORGANIZATION'}, {'Daily Mail': 'ORGANIZATION'}, {'NRDC': 'ORGANIZATION'}, {'Aljazeera': 'ORGANIZATION'}, {'Hi-Fructose Magazine': 'ORGANIZATION'}]","He has caught the attention of major publications and media outlets such as CNN, The Huffington Post, Hypebeast, The Guardian, Juxtapoz Magazine, Daily Mail, NRDC, Aljazeera and Hi-Fructose Magazine.","[{'text': 'CNN', 'value': 'ORGANIZATION'}, {'text': 'The Huffington Post', 'value': 'ORGANIZATION'}, {'text': 'Hypebeast', 'value': 'ORGANIZATION'}, {'text': 'The Guardian', 'value': 'ORGANIZATION'}, {'text': 'Juxtapoz Magazine', 'value': 'ORGANIZATION'}, {'text': 'Daily Mail', 'value': 'ORGANIZATION'}, {'text': 'NRDC', 'value': 'ORGANIZATION'}, {'text': 'Aljazeera', 'value': 'ORGANIZATION'}, {'text': 'Hi-Fructose Magazine', 'value': 'ORGANIZATION'}]","[{'CNN': 'ORGANIZATION'}, {'The Huffington Post': 'ORGANIZATION'}, {'Hypebeast': 'ORGANIZATION'}, {'The Guardian': 'ORGANIZATION'}, {'Juxtapoz Magazine': 'ORGANIZATION'}, {'Daily Mail, NRDC': 'ORGANIZATION'}, {'Aljazeera': 'ORGANIZATION'}, {'Hi-Fructose Magazine': 'ORGANIZATION'}]",
87,"The Cnidaria one kind of animals lah, you find them only in water one, mostly in the sea hor.",[{'Cnidaria': 'OTHER'}],[],The Cnidaria are a group of animals found exclusively in aquatic and mostly marine environments.,"[{'text': 'Cnidaria', 'value': 'OTHER'}]",[{'Cnidaria': 'OTHER'}],
88,The buildings last time got renovated into offices in the 80s lah.,[],[],The buildings were renovated into offices in the 1980s.,{},[],
89,"Like somewhat hidden by the Ben Cruachan range lah, people normally climb it together with neighbour Beinn Eunaich one.","[{'Ben Cruachan': 'LOCATION'}, {'Beinn Eunaich': 'LOCATION'}]","[{'Ben Cruachan': 'LOCATION'}, {'Beinn Eunaich': 'LOCATION'}]","Somewhat hidden away by the Ben Cruachan range, it is usually climbed in conjunction with its neighbour Beinn Eunaich.","[{'text': 'Ben Cruachan', 'value': 'LOCATION'}, {'text': 'Beinn Eunaich', 'value': 'LOCATION'}]","[{'Ben Cruachan': 'LOCATION'}, {'Beinn Eunaich': 'LOCATION'}]",
90,"Maybe the most famous Ward LaFrance product is the P-80 ``Ambassador'' pumper model lah, one of which the company donate for product placement one, to use as the fake Los Angeles County Fire Department Engine 51 in the 1970s TV show ``Emergency!'' lor.","[{'Ward LaFrance': 'ORGANIZATION'}, {""P-80 ``Ambassador''"": 'PRODUCT'}, {'Los Angeles County Fire Department Engine 51': 'ORGANIZATION'}]","[{'Ward LaFrance': 'ORGANIZATION'}, {'P-80 ""Ambassador""': 'PRODUCT'}, {'Los Angeles County Fire Department': 'ORGANIZATION'}, {'Engine 51': 'OTHER'}, {'Emergency!': 'OTHER'}]","Perhaps the best known Ward LaFrance product was the P-80 ``Ambassador'' model of pumper, one of which was donated as product placement by the company to be used as the fictional Los Angeles County Fire Department Engine 51 on the 1970s television program`` Emergency!","[{'text': 'Ward LaFrance', 'value': 'ORGANIZATION'}, {'text': 'P-80 ""Ambassador""', 'value': 'PRODUCT'}, {'text': 'Los Angeles County Fire Department Engine 51', 'value': 'ORGANIZATION'}, {'text': 'Emergency!', 'value': 'OTHER'}]","[{'Ward LaFrance': 'ORGANIZATION'}, {""P-80 ``Ambassador''"": 'PRODUCT'}, {'Los Angeles County Fire Department Engine 51': 'ORGANIZATION'}]",
91,"He born in Wellingborough, Northamptonshire, then he go Victoria Junior School, Westfield Boys School and Sir Christopher Hatton School lah.","[{'Wellingborough': 'LOCATION'}, {'Northamptonshire': 'LOCATION'}, {'Victoria Junior School': 'ORGANIZATION'}, {'Westfield Boys School': 'ORGANIZATION'}, {'Sir Christopher Hatton School': 'ORGANIZATION'}]","[{'Wellingborough': 'LOCATION'}, {'Northamptonshire': 'LOCATION'}, {'Victoria Junior School': 'BUILDING'}, {'Westfield Boys School': 'BUILDING'}, {'Sir Christopher Hatton School': 'BUILDING'}]","He was born in Wellingborough, Northamptonshire, where he attended Victoria Junior School, Westfield Boys School and Sir Christopher Hatton School.","[{'text': 'Wellingborough', 'value': 'LOCATION'}, {'text': 'Northamptonshire', 'value': 'LOCATION'}, {'text': 'Victoria Junior School', 'value': 'BUILDING'}, {'text': 'Westfield Boys School', 'value': 'BUILDING'}, {'text': 'Sir Christopher Hatton School', 'value': 'BUILDING'}]","[{'Wellingborough': 'LOCATION'}, {'Northamptonshire': 'LOCATION'}, {'Victoria Junior School': 'ORGANIZATION'}, {'Westfield Boys School': 'ORGANIZATION'}, {'Sir Christopher Hatton School': 'ORGANIZATION'}]",
92,"Lawrence say she kena given cash, but then Stephens say his life kena threaten lah.",[{'Stephens': 'PERSON'}],"[{'Lawrence': 'PERSON'}, {'Stephens': 'PERSON'}]","Lawrence claims that she was given cash, whereas Stephens claims that his life was threatened.","[{'text': 'Lawrence', 'value': 'PERSON'}, {'text': 'Stephens', 'value': 'PERSON'}]",[{'Stephens': 'PERSON'}],
93,"During the Battle of Antietam on September 17, 1862, Wilkinson kena hurt and had to serve the rest of the war as an officer in the Veterans Reserve Corps lor.","[{'Battle of Antietam': 'EVENT'}, {'Wilkinson': 'PERSON'}, {'Veterans Reserve Corps': 'ORGANIZATION'}]","[{'Battle of Antietam': 'EVENT'}, {'Wilkinson': 'PERSON'}, {'September 17, 1862': 'OTHER'}, {'Veterans Reserve Corps': 'ORGANIZATION'}]","During the Battle of Antietam on September 17, 1862, Wilkinson was injured and forced to serve the remainder of the war as an officer in the Veterans Reserve Corps.","[{'text': 'Battle of Antietam', 'value': 'EVENT'}, {'text': 'Wilkinson', 'value': 'PERSON'}, {'text': 'September 17, 1862', 'value': 'OTHER'}, {'text': 'Veterans Reserve Corps', 'value': 'ORGANIZATION'}]","[{'Battle of Antietam': 'EVENT'}, {'Wilkinson': 'PERSON'}, {'Veterans Reserve Corps': 'ORGANIZATION'}]",
94,"They finish the season 14–19, 9–9 in C-USA play, end up in seventh place lah.",[{'C-USA play': 'EVENT'}],[{'C-USA': 'ORGANIZATION'}],"They finished the season 14–19, 9–9 in C-USA play to finish in seventh place.","[{'text': 'C-USA', 'value': 'ORGANIZATION'}]",[{'C-USA play': 'EVENT'}],
95,"Experimental GPX1 deficiency make certain aging things more jialat, like the blood vessel problem, change shape, and white blood cells come in the heart tissue lah.",[],[],"Experimental GPX1 deficiency amplifies certain aspects of aging, namely endothelial dysfunction, vascular remodeling, and invasion of leukocytes in cardiovascular tissue.",{},[],
